turbine                 ,22009,2018-11-15 22:35:14,�е���������Ϸ���ܷ���
����                    ,8657 ,2018-11-14 22:20:20,����Ԥ�ڣ�����̫���ˣ�������Ц�����˿ޡ�������Ϊ�������ǲ���ϲ��ʱ��ͻȻ�ҿ�Ļ����¶��С�����ǵĿ����ʵ������ϫʧȥ�����ǳ�Ϸ����ѡ��ȶ��䣬Ҳ���ǿ̵��ݲ�˵���������Ļ��ÿ�����ƻ���С�������֮���������Ų�Ϊ��֪�ı�ϲ���֡�������������¸��ŶԻ��ܴ��ᣬ��Ա���ܳ��ʣ���β�Ա����������ǹ���Ƭ���ѵõļ�����
�޳ܲ��쵰                  ,6337 ,2018-11-07 15:08:41,���ǰ��飬ʤ�ư��顣ɥ�ĸոպã��ڵĸոպã�ů�ĸոպá�����˵���й�û�С�����ϵ���ĵ�Ӱ���Ӵ�Ƭ�𣬾����ˡ�����Ƭ������Ц�����ᡣ�̻��ײ��������ʵ������ĵĵ�Ӱ��������������Ƭ���ҽ����������ģ���߳��⡢����������Ҳ��������ˡ���һ�����㽫��ָ��ܵ�ʲô�С��������ݼ������㽫�����½�������ϫ��������Եȡ������ݼ����š�����Ϸ���������Σ��Ӵ�Ƭ�𣬹���Ƭ������ӭ��������Ա+�õ�Ӱ�Ĵ��족��
����                    ,4293 ,2018-11-14 22:09:27,������ѹ���ϲ��û���ˣ��������»��Ǻܿ��鵼�ݡ���繦������Ա���ݵģ����ұ�Ƭ��ɶȶ��ǳ���������ϫ������̫�����ˣ�ǿ���Ƽ���
Cycble                  ,3601 ,2018-11-14 21:57:42,������ٷֵ�ʮ��飬�����װ�ޣ�������飬ʣ�µ�һ��ȫ������������ǡ�˭������ϲ���԰������ء��ֵ�˵���У�Ҫ����������װ������ɸ�������룬������������������ˡ��ֵ�Сʱ���һ�����ߣ��ҿ��Խ���������һ���۾��ߣ��ֵܳ�����˵Ҫ��һƱ����������һƱ��ֻ�������ΰ��蹤���������ֵ�Ҳ����˵ʲô���Ұ��㣬���ں�����ǰ��˭��ֻ�������Ժ��Ƿ���֡���֪����������������⣬Ҳ֪������Ҫ���Ҹ����ˣ����ԣ�������˵ʲô�Ҷ����ţ���������Ҫʲô����һ����ƴ��ȫ��ȥ����������ס�����ܵ�ʱ��ͻȻ�����ľ�ϲ��������һƬ�հף�������ôһֱ����ȥ����Զ��Ҫͣ��
������                  ,3226 ,2018-11-16 22:16:34,�����������ᣬ���࿪�����٣���Ҳ�����գ�����Ϊ��������
���ߴ���                 ,2074 ,2018-11-16 13:42:44,ѧ���ǳ������ʱ��ȼը��
Xaviera                 ,1813 ,2018-11-14 22:19:17,û�д��κ��ڴ�����Ҫ����Ϊ��ȫԱ�ݼ��ɵ�castȥ���������ķǳ��ǳ���ϲ�����Ͻٷˡ����Ǳ���������з�Ů������Ǯ��·�ġ��ϰ塱�������ߴ�һ��ʼ�����л��л��������ۼ�������쾡�µĴ��棬һ����һ��������ЧӦ��һ����һ��Ц�������˾籾����ʵ����ʵʵ���������⣬��Ա��ʵ��̫̫̫�ӷ��ˣ�����ϫ��ô��ô���ݰ����˱��������б������ǳ�ϷҲ�ܾ�����ĳЩ�Ƕ�����Ʋ���ʦ���������Ϸ���̫���ˣ�һ��ʼ��Ц�㶼�������ϣ��������ξ���ת�۶��������ͷ�ص��Ѿ����ɱε����Ĵ���ݵ÷ǳ����������ˣ������������һĻ���ı���仯�������~�½����ɫ��ִ����ʵ���ܴ������еĽ�ɫ�����Ƕ��������뵱���˰��ˡ�����Ȥ�ľ�ϲӦ��������Ե��������ˣ�����ĺ���Ӧ�����ⲿ�Ŷ԰���
�����                   ,1263 ,2018-11-16 12:59:35,����������һ�㣬������ϫ��������Ƕι���Ҳ̫�ÿ��ˣ�ũ�����ٷ������Ǵ��У��͸�λ��̱����֮��ı�Ե���飡��ȹ���Ƭ��һ�Ķ��������ˣ��������ݰ�����й��桶���ޡ�����ɣ�����
лл���ǵ���               ,1069 ,2018-11-14 20:28:17,ǰ�涼ͦ�ã���������ϫ���ߣ����ǽ�β20���ӱµÿ��£�����������˼򵥴ֱ��Ĵ���ȷʵ�ѱ�������Ĳ���ȫ����¶�˳�����������Ա�ǵı������ĳ�ɫ���ֲ��˵��������ϴ�����ȱʧ��
���                     ,1132 ,2018-11-17 14:17:57,�������ʧȥϣ�����������˶�ϣ����úû��š����ϴ����������֣�˯һ���������������õ�һ�죻����Ϊֻ���㱻������������ʵ��Ҳһ������С�����ģ��Ա���һ����һ�α�������Ū�����ǣ����ǿ���һ������ʣ�µ�·���������������꣬�ƺ���̴�δ���㶪������֮�ģ������Ҳ��ں���Ĺ�ȥ��ֻ�ں����δ������ֻ�����Ǳ�����ȴԸ��Ϊ�ҵ��������ӵ��������ҽ�����������δ���ա��㱾����һ����֮��ȴ��Ը��ҵ���ҲҪ��ס������������Ҫ����һ��׷�棬���벻�����ұ�������רһ�����ף�����Ҳ�����ᡣ�ұ�΢�����Ҹɾ���������м��������п���������ġ�����׬Ǯ�����Ҽ��ص��ߣ������ǣ�����Ҳ�縺�Ͷ����Ƶ�ʹ����Ħ��������������Ƶ���Ц����̨���ա���ǽ�Ի������ƻ顱��Я�ֱ�������ᡣЦ�д��ᣬ�ྡ��������������
��ϽԼ���                 ,931  ,2018-11-14 18:49:08,��������˰ɣ�ȺϷ�ĵ�̫���ˣ����ﶯ�������������߼���ͨ����ν��ǹ��������ʵ�򴮵�������䡣Ψһ��Ȧ���ֻ�����ǰ�벿ϲ�������յ���ok�ģ�����ϫ�����������ӡ�ͨƬ�������׳��裬һɤ�ӽ�һɤ�ӵ������ķ���������������ϲ������ǿ���ȵ�·����Ҳ�ÿ����Լ��������ɣ�����ǰ����ͷ�ˣ��˺�ͱ��ڹ�����ǰ��ţ���ˡ�
����ɽ                   ,894  ,2018-11-14 18:54:08,�����硶�����ٵݡ�������Ҫ�Աȣ�������ʯͷ������ȫ��λ��Ƭ������еľ��ǵ��ݣ�ƫƫ���ݻ������ġ��͡���÷��ӡ�һ��������������Ұ�ĵ����Ⱥ����ʵ�Եĺ�ɫ��Ĭ��ֻ�Ƕ������µĽ��������Ӳ��ת�����˸������ġ�֪�����Խӵ�����ϲ�У�������Ա�ڱ��ݺ�̨���ϣ��������������͵�ȥ��ǿ����ζ��������Ц�ϡ������ߺ�һǿ����߳������н�ɫ������������飬������û��ѿ��ֱ�ӿ����ˣ�ɿ���ܲ�������Ϊ�˹����ظ��Ե�����������ů�Ľ�֡��������ý����˶��٣�ֻ�Ǹ���ҵ���ͻ��ˣ���������Ա�ڳ���Ϸ�������רע����ʽ�е�С�����ϣ���������Ҫ���Ķ���ֻ�ܿ������Բ����������֤�����Լ���Ԧ���ֽ�ɫ�Ŀ����ԣ���������ϫ��������â�������Ϸ�ϣ�û����С���β�½����ǲ��ײ���������յ�һ���ᣬ����ı��𺳵��ˣ�
·�ж�����                ,744  ,2018-11-16 19:18:49,һ�������ڹ��ݵĹ��£���Ա����˵���컰�ġ��ɶ����ġ����ϻ��ģ��½��������ϫ��ƾ����˷������Թ��࣬������˭���������Ķ����ⲻ��Ҫ����Ҫ�������������˰��������ܳ��ܽ��������������֡��ǳ��Ͽɵ�����д�ײ�Ⱥ�����ͼ�������а�һ���˽�Բ�𣿳½��������ϫ��ô��Ҫ��һ���ϵ��Ҫ�������Բ�����������û�����κ��˲������顣��ħ�õ��ǽ�β���ӡ���Ӱ����3���絽����Ѫ��У��ֻ��3�룬��������Ϊ�Ż��о�Ҫ��00��ȫ�濪ս��������������˵�������ͷ�Ϳ�ʼ��С�����ܡ�������˵�����Υ���ˡ������µ������������������°뱲��Ҫ�����ͷ���벻����ǰ�߻�һ���Ҹ���say yes���ҿ��ⲻ�ǹ��յײ㣬��Ϊ��˿ߣ�ܰɣ�
������                  ,726  ,2018-11-16 18:25:37,���⣿8.2�֣�����������Ϊֹ����������֣���һ�Ǹ���Ա��ʵ����̫�����ˣ��Ӵ˿��԰�������������ˣ�����һ�������ʩЧ�ѧ���ơ�����ʯͷ����������£����ȴ��һ�����飬�����·���Ц��Ҳ�ǣ���Ӳ���Σ���мٴ���޹��������ע����׾�ӵ�ģ�¡��ط������շ���Ŀ������۸�������������޵�Ӱ�У����ٻ���Ǯ����ɫ�ɣ�װװ����Ҳ�а���
����֮��                 ,658  ,2018-11-14 21:29:49,�͡�һ����Ϸ�����ƣ��˷���һ���ù�˼��������Ǳ�����ĵ�Ϸ��ķ����ߣ�ȴ����Ϊ��ȡ�ù�����ϲ��Ԫ�صĶ�������ʧ�˴������ģ����º������������ü����������ִ���˼·�Ϲ˴�ʧ����ɵĸ��ѹ۸У���ƾ�ٺõı��ݶ����Ѿȡ�
����                    ,538  ,2018-11-14 21:34:22,ͦ�õģ���������ϫ���������Ңʮ���ĸ裬����һ���ڴ���Ļ���˹���һ�����а���ͯ����һȺ�������ϵ��ˡ��е����еĴ��еļ��еļ飬��������Ŭ�����Լ��ķ�ʽ�����ˡ�
��������                ,389  ,2018-11-16 22:47:05,4.4/10����Ԥ�ڵĻ��ǲ�̫�࣬������������Ҫ��λŮ�Խ�ɫ��������ʧ�ܵġ�����һ����Ҫ��ԭ��������Ҫ�Ķ���̫�ർ�¾���̫ɢ�����и�Ҫ����һ���Ǽ������н�ɫ�ڹؼ�ʱ�̵����ﶯ��������仯���Ǳ����ǿ��ת�۶�û�������Ը�ȥƥ�䣬���磺���������ɫ�������Ը��жϣ����������������£���������ϫ�������ȫҲ�Ǽܿյģ����д�ͷϲ�����Ǹ�Ů����ǰһ�뻹����ʮ���������ϴ�����һ��ͱ��򶯵�Ҫ����ˣ��½��������Ů������Ů��������С���ѣ�С���Ѻ����ĸ��ף���Щ�����ϵ������ת�䶼����һ��������һ��ͻȻ��ת����ǿ��ת��ģ�������������̫�����ת�ۺ���������ת�䶼���޷�˵���ҵġ������ֽṹ����ʽ�Լ����������������ĵ�Ӱ��������ˣ�����������Ҳ��һ�㡣��ʵ�Ҿ��ñ�籾��ͶԵײ��˴����˾��ġ��ŵ�������Աѡ�Ļ��С�
ľ����                   ,275  ,2018-11-28 20:53:31,���������ͷ����ҧ��һ�����㣿Ů������������ҧ���гݵ��Ǳ�ʲô���壿��ѧ����ս����᣿��̨�ױ��ꣿ��������̨�ģ������Ǽ���������������屻Ⱥ�ڸ߳��ˣ�Ϊʲô���������̨����ȥ������ʵû��ôŭ�ˣ����ǿ����������ڶ���Ϲ��ʲôƬ������ǰ����8.0��ֵǮ����һ�����������Դ���ݡ����������̵ģ���Ȼ����ô���񡣽������ܡ�
���Ĵ���                 ,328  ,2018-11-16 15:53:36,�����������ۣ�������׼���߳�����֮ʱ�����鳹������ʵ�ʣ������������뷸��״̬������������
birds                   ,297  ,2018-11-15 23:43:30,���������޼�λ��Ա�ı��ݻ��������Ϸ���ǭ�ط��Ҳɨȥͬ��Ƭ�Ļ������ơ�������ʱ��ȫ����������ǿɿ������Ҫ��ż����Ƭ�Ľ��࣬���˻��ɵ��ݵ��������ġ����������ڴ���֮�ϵĽ�����Ǵ򶯹��ڵĲ��ǹ��±������Ը��ܵ�������Ӳš����һ�飩������Ҳ���Ŵ���ۿۣ���β����ȫ�����������ɫ�Ļ�����ϣ�����ݱ��ż���Ҫ������ǿ��������ȣ������Եñ����������ߵ����������ڡ���
����                    ,259  ,2018-11-16 15:22:37,��Ӳ��Ӳ�ġ�
LOOK                    ,224  ,2018-11-17 20:48:00,̫�����ˣ���Ҫ��һ����ν��Ц�㶼�ǣ�������ܺ�Ц�����Ǳ���Ц����������Ҳ̫�ҡ�
һ�ڳԵ�С����              ,355  ,2018-11-15 19:00:30,���ʮ�ѣ���������ϫÿ�γ��ֶ���׬���ҵ����ᣡ����Ҳ�Ǵ�û�ӹ���Ƭ������һ����Ա�ǳ��Ĵ�������������Ϸ�����ܻ�ѡƬ������ЦЦ�޿�����Ŀ��꣬���ǽ�βȴ�ܳ��أ���Ϊ�ػ�ϣ���������ˣ�ȴ��֪�����첢�������á�����֮����ע�����������ˣ���������е�����۰�
��¥��                   ,246  ,2018-11-19 22:47:20,�ֻ���ͷ���ǰ�ҹ�����ŵĻ�����̨��Ե���Ǿ�·��ͷ���š��������ֻ�ģ�͵ĺ�Ƥ��ȴ�ޱ����ѵؿ����Է��ĳգ��ξ����壬�Ĺ����ɡ��е����ǻ�û�����ĵ��ǣ��е������ؿڼд������壬�е������������Ƶ�ˮǹ���е������޷����ϵ��˿ڡ����˰�����������ƫʣһ���������ֳպ������£���������ǰ���
½֧��                    ,194  ,2018-11-18 19:20:12,1. ��Ȼ��Ц�д���������ܴ������ĵ�ϲ�磻ÿ����ɫ����Ϸ���ԣ�ȴҲ�����Ż�Ī�����һ�档2.���������ϫ�Ķ���Ϸ���Ƿǳ����еģ�������ĳ½����ܸ���һ�ֽ����ڡ���ע������ı���С�3. ��볡��ȺϷ�е�����ָ߳�������С����������ڻĵ������������⡣
ʱ��֮��                  ,158  ,2018-11-15 10:06:23,�ȵ���ǰ�������ԵĽ������м������ǹ�׿㡱ʽ������ɨ��Ϸ�������˼��������ĺ�ɫ�Ͳпᣬ��Ҳ����ô����Ϸʵ����Υ�������ѣ�ɿ��ĳ߶ȣ�ʵ���Ǹ�΢������⣩������������£�ĸ߳�������û������Լ򵥺���Ӳ
��֦ȸ��                  ,159  ,2018-11-17 14:54:15,2.5 / ������Ϸ��С��Ƶ��������µ�һ��״̬�����ǿ��Բ����ۼ��������ڵĵ�Ӱ�У�Ҳ���Բ�������������£�������û�����Ծ��������ȿ��Ŷ�˵�����Ĳ�ȱ��ǰ2/3���Ѿ�����˵��˵���ˣ���1/3��ȫ�ǿ���ӭ�Ϲ�������Ӳק��û���������������Ⱥ��ֻ����֮������֮��ȥ�������ɺϡ���ͻ��ת����ɿ�顣�����ģ��ʽ�����鼦��ʽ�������ɫ��Ĭ��ϳ�������׾ٵĵײ����ѣ��ɲ��������ݲݼ��ʾ���伲�����ء����˱����п�û���κβ����ܺ͡�����ʯͷ�����Ტ�ۡ�
������                  ,137  ,2018-11-21 17:30:44,���������Ǹ��۸��ֵ͵Ļ����ӡ���÷��ӡ����ܿ��������Ļ����������Ϸ�ϻ��ܴպϵ������ֶ�������һ�����⾰��hold��ס�ˣ�������Ȼ���������Ҳ�޼����£��ǽ�һ�����ң��߼����޷���Ǣ��ǹ���������ǽ�βì�ܳ�ͻ��ʲô��������������Ⱦ��컹��ʹ���������Բ��֣����˿����ǽ��ΰ�������Ŀ�������ǿ��ʣ����Щ�����СƷ��Ա������ô�о���������Ϸ���̲�סҪЦ���أ�Ұ��Ȯ8.2 PTU7.9 Ѱǹ7.6  ������֮��8.4 ��˵���Ѷ����
ޱ�_�Ῠ                   ,142  ,2018-11-15 21:45:40,֮ǰ�ͺ��ڴ��������Ծ��úá���Ա�ݼ�ȫ�����ߣ��������˱������Ǹ���ϲ������ϫ�������˵�ˣ�ȫƪ����Ц��Ҳ������������Ц�д��ᣬԽ������Խ���ô��ģ���Ҫ����������Ļ��ţ����ѡ�
СA                      ,153  ,2018-11-05 17:16:39,һ�Ǹ����һ�Ǹ�����ϫ��һ�ǰ�������Է�̸�����ǳ�Ϸ��û�뵽���������ϫ�ݼ��Ƶ�����ϵĻ����ⲿС�ɱ�ϲ��Ƭ������ϫͻ���������ѿ����ǳ�Ϸ�������ر�����ʲô�ǣ�û�У����ϡ�
P.T.                    ,134  ,2018-11-17 00:38:44,�������ס����뷨����ִ��������ʲô��˼�ˡ�������ӰƬ���һ��Ϸ���������������ɫ��Ĭ������ϧ������ɢ�ģ��ò����׶ѻ�����������Ϊ�������Ϸ�ݰ��ź͵��ȣ�����������ʽ���ѡ�����ȫƬ��ʵ������Ҳ����˵�½�������ϫ���ӵö�ô��ɫ���˱����Ծ����ݵ���һ�������ᷳ��ɵ�ƣ�Ҳ�����ɣ���Ψһ��һ������������Ϊ����������ϣ�������ռ�ţ����ɫ������ȸ��ѣ��������ֺ�����״̬����ΪȫƬΪ�������Ц������Դ����˵�����ԣ����ϵ����Ĺ�����Ȼ��������ⲿ��Ʒ������Ӱ�ھ����������Ц�㣬��໹ͣ���ڶ���ʽ����ʽ�ϣ������ӹ��²����ھ����Ĭ���٣�����������ϲ�綨λ�Ե����Ρ����־��޷���ϲ�绮�Ⱥš���ˣ���ʵ�����Խ�һ���ڼ����߸����ǻ�����Ʒ��ǿ�д��뵽8.0�ļ�Ƭ���У���Ի����ʵ��8��Ƭ���ԣ��ǲ���ƽ��
���ַ���                 ,92   ,2018-11-16 11:56:45,�������µĺ�ɫ��Ĭ��������ʵ�����󣬿�˾�ݼ����ߵı��ϣ���ʹ��Ƭ��һ�����ӰƬ���п�ͷ��Ȼ����ͷ�������飨Ϊ�������������̫���ˣ���ת����Ӳ�����̺�£�ľ����ƽ�Ƿȱ˵�����������ǽ�β�Ĺ�����ǰ��ε������̵�������ˮ�����ǿ�ϧ�����������ϫ�Ķ���Ϸ��ѣ��������������ϵ����ڲ���������±ŷ�����������ϧ�У�������ֱ�΢�ֽ�����
������½��Ƽ              ,137  ,2018-11-09 18:50:09,����ϫ�Ǹ�����Ա��
��½����                 ,106  ,2018-11-20 22:53:45,���Ǳ�Ƭ��ã��ǹ���Ƭ���ã������Ǹ�����ʳ����ι��������ܹ����У���Ա�������ߣ���Ȼ���ݿ����廨����һ�㲻�ص�������С�Ƕ��ȵĿռ�к����������ƽ�н����������Ӳ������Ⱥ����΢��������ʱ���·�ʽ��ͻأ��ת��̫�죬�����߼�����ס���ã������ٷ��ܵ�Ů������֮��ʱ����������̲���������ϵͳ����ʧȥ���ã����������ۼ��ϵͳ���ֻ�GPS��λʧ�飬ȫ���Ѳ���Ч�����Ÿн��ͣ�����ʽ����̨��ۼ�������ӰƬ��������Ƭ�����䵽�ݶ�һĻ����ȫ���Ӿ���Ƭ�߼����������������ϵ����βǿš������������������һЩ���߼���Щ�Ӳ����ˡ�
������                  ,63   ,2018-11-16 14:07:47,3.5 �������к�һ�㣬ͬ�Ƚ���ġ������ٵݡ���ȫ��λ��Խ������Ӱ�����ϴֲڣ�����Ϊ������ṹ�Ĺ�������ϲ��СƬ����ϲ�����ڼ������漰������С���Ұ�ĺ�С��ֻ����ʵ����ÿ����д����㡣ȺϷƯ�����ر������������ϫ������ÿ��Ϸ���Ǻõġ�
���ﰺ                    ,82   ,2018-11-16 18:22:42,�ӵ�һ�뿪ʼ����Ƭ����ʧ�صı�Ե������Ծ����ɫš�͡�����Ư����ÿ���˶����ڱ��籾����ͷ�ݣ���Ҫ�����ԵĶ�����������������ܵ�ƽ��������Ϊ��ÿ�����������һ���ý������Ҫ������ԡ�������ԧ�죬�����ĵö��۰��������Ƶ�Ƭ���������ڵص��ݴ�����˲���ʮ��������������û����ģ��ø�Ҳ�����ڴˡ�
���ᡤ������              ,72   ,2018-11-17 11:57:38,��Խ��Խ��Ĺ�����Ӱ������������Ϊ�����ƿ����������߲�ʱ����Ƭ�����˶��ݵľͲ����Ǽ��ɶ��ǹ��£�����֮���ײ���������Ͻ����ڷɶ��˻��Ƶĵ�ִ����ƴ��ȫ���Ĳ���һ����ֻΪ�������������Ļ��𣬼���ת˲����Ҳ�����¶���ȴǿ�ҵ�����⣬���Ǿ�����������ʽ��̨�ʹ����覴ã�ȴ���ھ��׵�˲���ʹ�ĵס�
��ҹ����                 ,78   ,2018-11-13 17:32:40,��÷��ӵ��ݼ����������º�Ƭ������λ�ݼ��Ѿ������ܣ���ҪЦ��Ҫ����̫���ˣ���ʲô�黨�ĸ߼��ÿ�����̫���ˣ��ر�Ϊʮ���ġ�Ϲ�ӡ���绰�����䶼�����ˡ�
�ټ�����                 ,105  ,2018-11-17 09:40:06,����ʽ��Ӱ����š���ɺ�+������ݷ���ƫƫ�������ڻ��ܳ���һ�ס���
��ˮ����                 ,106  ,2018-11-16 21:30:59,һ�ǰ�ɣ��ɱ�ľ籾���ϲ��ὲ���µĵ��ݡ��������ϣ��������ƶ�������ʽ���ݣ����Ӿ�ʽ�����֯���߳�֮ǰ������Ϸ��ֻ������Ŀ��:����Ӫ���ɫʧȥ���ϵĴ�����Ϊ��������ܻ㼯��һ���������������ҳ½���Ľ�ɫ��Ϊ����û���κ����ã�����һ��������ʵ���ĵط�����ϲ�������������������š��һ��ȥ�������¶������ͽж���������������͡����������
��ί���                  ,99   ,2018-11-17 21:19:14,������ˮƽ������Ӳ��������µĽ���������������Σ���Ұ�ĵ�û��������cult���˲����������Ҳ��ʣЩ���۵�ɿ��׬Щ���۵���ˮ�ˡ�
frozenmoon              ,60   ,2018-11-21 22:26:28,1.������ã���á�2.��������ϫ����̨�ϱ��������ɫ���й������������ϣ�����ʱ��������չ�������ֵñȵ�Ӱ��Ҫ�á�3.������Ա���ݼ���̨����ƶ��ܺã����±���İѿ��е����⣬������Ƕ��ڶ������µ�Ҫ���Ѿ�����˺ܶ࣬���Ŀǰ���������е��ҵģ�û�ж��߱���Ҫ���ֳ��ľ��޸С�
��������è               ,63   ,2018-11-15 02:35:20,��׷����Ҳ�����ֵ�ƪ��׷ǹ��Ҳ�������������ɫ��۳�һ���־磬���������ȵ��������Ƶļ����о������ƻĵ����¶���ϸ˼��Щ��ʵ������������֮������Ƭ������͵�����ӰƬ�������ĬĬ������������Ⱥ������ٽ��ꡰ����ʮ��֮һ���ܲ����ġ�
���ӣ���������           ,65   ,2018-11-20 13:27:59,��ƾ��һ���ڵ�ӰԺ��������ô�����������������͸ø�������
luerdelphic             ,198  ,2018-11-14 23:31:56,����ϫ�����Ңʮ���������ţ����ݡ�ɽ������䣬����ˮ���ϣ�������������֮���һ�����š���Ц���ܼ������Ҳ�У��ѵõ��ǲ��Σ������Ǹ�Ц���Ǹж�������ֿ������ϫ�������������λ�۾����й�ĺ���Ա����ϲ������ҹɫ�еƻ��貵ķ����ţ��ĳ���һ�㹬�鿥ǧ��ǧѰ�еĸо������Żĵ��ĸ����Իͣ�ǡ�Ƕ��ⷱ�����ֶ��ֿն����ҵ��˼��ӳ�ա���#2018267#
ͬ־�ෲ������վ             ,53   ,2018-11-22 15:56:38,���߲��ң�ȺϷ��������ɫϲ�������¶���ЩС����˴�Ҳ�������ԶԵĵط������Ϲٻ������а�~��
�˰���                   ,69   ,2018-11-12 09:24:15,�籾������ʵ����С���ߵ����õ���ڵ�ҧ�ϣ���һһ�չ��ˡ��Ŷβ�����Щ��أ�����Ա�ı��ݰ�����������������ϫ���Ǹ��������ر�ϲ������Ա��ϣ���������ϣ�������������ֱˬ�Դ�Ľ�ɫ�����ܶ�չ�����������ࡣ��㷴�����˱������ҵģ������ݵ�����һ����΢���������ʵ�ˣ�����ϲ����Ů����ס������ʱ������ϲ���������ŵ����񣬺ܴ��ҡ�
٤��                     ,70   ,2018-11-07 15:52:20,����־�ڡ�����֮����������Ңʮ���ʹ�����Ϲ�ӡ�������ȫƬ���Ĺ������ײ����������������ջ����������Σ��ñ˴˶�ʧȥ�˳�·��������ﳪ�ģ����ǺڰͰ͵��죬�ô�Ŷ���������Ǿ����ģ�������������ů�����ճ�·��û���ӵ��ѣ�û�˶�ù������ڵײ�����ǣ�ֻ��Ϊ��1000��Ǯ�໥���ѣ�������������˴�һ������ȥ��β�����Զ�Ϊ֮�Ĺٷ����壬������֮����������ġ�
��ȥ                     ,45   ,2018-11-20 11:28:07,�����������ϫ����̨��ʼ�������ĸ��䲻�������ҵ����������׹������ÿ�����ݼ��󱬷�����ͷ�ʹ���ȹ�ӵİ�ĦŮһ���ܣ����ֿ�ʼ�ޣ��ŵ��̻��ڿ�ը�ѣ���������ҿ޵���󡭡�ȫ�������䲻��ĺã�
�ܹ�ʦ                    ,66   ,2018-11-17 14:01:48,��Ӳ��ɿ�飬�òм��˲�ͬ�飬������ʵ�п����м��˶�����ͬ�飬��Ӱ�������������ᣬ������Ӱ�����Ժ�������һ�ס�һ���м��ˣ�����������һ�������ʵ���������壬�����������趨����һ�㽻����û�У���Ǹ���޷����͡�ǰ��ʱ�䡶���������ɺӡ��ȽϷ����ҵ���������Ǹ����������彡ȫ������ֵ����Ƣ�����и��ԣ��˼Ҳ���װ����ɵ��������Ū�������ĳ����Ĳ����������˵ĵ�Ӱ��
��Ϊн                    ,66   ,2018-11-18 03:40:10,���»��ң��������ѣ��㻹ɿnm��
��͹                     ,47   ,2018-11-18 14:19:44,������ڵ���Щ���ݱ���ѧ�ƶ��ֵ��� ����ÿ���˶��ܳ�Ϊ���ƺ���������
����ɭ                   ,56   ,2018-11-12 15:57:25,���߳����£���ṹ���֣����������ڶ൫�ǻ�����۷ǳ�����Բ����ϸ�ڷ��Գ�����Ĭ�У�����ޣ������뵽ʯͷ��ĻƲ�����Ƭ������ơ�����ʯͷ�������Ӣ�ۡ����ǳ��ÿ�������֮�������ǰ롣@�¹����Ӣ��Ӱ��
��ѻ����                 ,48   ,2018-11-13 23:04:34,˭�ܱ��Ҳ�VS�������֡�С����ĵ�ùһ�죬���������صĵ���������˼���ů����ϲ��֮�µı�����ɫ������ϫ�ݵý�ɫ�Ǹ�̱������Ψһ��̱�ľ����沿����Ŷ�����������
��������Ƭ               ,34   ,2018-10-22 17:51:27,�͵����ϲ�����÷��ӡ���ȼ�ֱ����һ���ķ�Ծ���ڽ�����Ժ͡������ٵݡ�����һ��Ƚϣ����ǡ�����ʯͷ������ͬ������������ļ��ޡ���Ȼ����Ҳֻ�ܼ���֣����ν��밮�黷�ں�һ���ؿ���������Ϊ˦��ͯ���Ϳ��Ը�˳һ�У�ͬʱ�ڸǵ��뵭������ų����ʵ���Ǳ಻��ȥ�ˣ��߳�Ϸ�յ��������������ˡ����ԡ������ٵݡ���Ȼ����ָ��ͣ���Ա�����ѷ�����˼·����û�ܵģ������յ������������һ���ζ���ѧ����
�����Ե�Ӱ                ,35   ,2018-11-22 18:16:33,7�֣��ȵ�����һ���ò��٣��м������ĵ�Ϸ����������ˣ���Ա����Ҳ�����мӷ֡�
�ʵ۵���ױ                 ,47   ,2018-11-19 17:26:26,��ЦҲ���⣬ɿ��Ҳ���⣬����Ҳ���⣬����Ҳ���⣬̨��Ҳ���⣬����Ҳ���⣬������Ӱ����͸¶�ſ��������֡�
ˮ��������               ,49   ,2018-11-18 14:40:18,��Ƭ��Ӧ�ýС��Ҳ��Ǻ�����
����                    ,58   ,2018-11-23 00:21:31,��ô�ײ����͵���Ƭ������һ�ǰ�����ٸ߷ָ���ˢ����
Ҽ���0�5                 ,60   ,2018-11-15 01:15:49,��ʼ��Ϊֻ����ͨϲ�磬���û�뵽��������߳������ȡ���ã����ӣ�����̫�࣬��������ֻ�ڼ������������滨������Ρ�����֮������������������֮���ǵĹ��»������ĵ�������ĵط�������ϫ��ȫƬ���ϲ���շ����磬���޺ۼ���
�����Ѽ                  ,47   ,2018-11-16 23:25:49,û�д�����ô�ã�����Ҳ�㹻���ˡ�ÿһ����Ա���㹻���ʣ�ÿһ��֧�߶������������Ǳ��������е����е�ɢ���Ǳȷ�������������ģ�£�����һ����������ģ�£����ѹ�ѹ����ϲ���̨���ϣ�����Ц���Ժ�ú������һ����������е��ѹ�������һ�㡣
��˵                     ,33   ,2018-11-20 22:59:22,ǰ��̿�����ϫ��������˱��������ǳ��ź��ȵ���Ц�㶼����Ȼ��ת����̨Ϸ�Ŀ޵㣬��һ���ر������ر��ޣ�����̨����������������������ϵĳ½���ƽ�м�����һ�𣬸��и��Ĺ��¡���������롣��������ϫ�ͳ½�����ź������Ҹ������ˡ�ʣ�µ�20���Ӿͻ�������Ϲ���ֺ���ɿ���ˡ��������������Ƿǳ�������ģ������������Ƿծ������д��̫���ˣ�ƫƫ����������ô���Ҫ��ɫ��������ڣ��������Ҫ�ѹ��¶�������ʱ�ǳ���׸������һ����߳���Ⱥ�ܣ�������һ��С�߳����Ȼ������ţ������˻�Ҫ�����ڳ�������ϫһ����ͷ����Ƿծ������һ�ۡ���д���20���ӣ���Ƭ�Ӳ����ϵ����ǡ�����ٽ��ݡ�
�ͷ���������             ,54   ,2018-11-14 21:44:53,����������Ҫ�ǲ���ǹ������Ǹ�ſƤ����������������Ƥ�����㶮�����ӣ����������ݻ�̫�����ˡ�ǰ���Ц����������Ű��Ц�������ˡ�����һ���¹����ϵĵ�Ӱ������һȺ����֮��������Ҳ�ǲ������µġ�
�����Ҵ���               ,32   ,2018-11-27 08:53:15,��Ƭ�����Ѹ�ǿ�������Եú����ۡ���������������������ߵ�ӰƬ��
Jeannels                ,22   ,2018-11-27 16:53:59,��ζ���֣�һ�ؼ�ë������Ȥζ�����ֳ��������������ϡ�ã���ĸ�һ�ױ�һ����������Ƭ����8.3������Ƭ���о��ˡ�
ɫ�ҷ�_                   ,39   ,2018-11-17 20:45:04,��ʵ�������ܼ޸�������֪�� ���ΰ�����������ʲô������Ҳ֪�� ������ȻԸ�⻨��ٻ���ʮ��֮һ��Ǯ��������Ǹ��� ������Ϊ��˵ϲ���ԡ�
tankry                  ,43   ,2018-11-16 22:18:55,������õ��������ڣ����ܸ������ǿ��еġ����塹�������ǰܸ�������Ӱ���ں��еģ�����������С�����޴����ŵĹ¶������е��к��ʱ����Ϊ��������Ѿ����������������������������¿�����Ңʮ����������������̫���ˡ����лԻ��ֱ��䣬ĩ·֮��û�л��䡣
Ϊ�˺������               ,47   ,2018-11-16 15:46:12,����ϫ�ı�����ĺ�ģ�壬��û�и����Ƶģ����ܲ����������
������                  ,25   ,2018-11-25 21:37:55,�ݵ���õ��ѵ����ǳ½�����
��u                     ,29   ,2018-11-23 21:10:19,����ϫ����ʧ��������Ů��
�ٺ�                     ,22   ,2018-11-21 01:30:18,����̫���������̫ͻȻ��ͨ����˵�����ҵĲˣ�����ǿ�ҵı�����Щ������˼�������أ��ݵ���ֿ������Ҳ���ñ��Ͽң��Ͷ����ˡ������飬���Լ����ţ����ǿ����ر��ŵ��ˣ����ǻ�ܿ��ġ�
�ִ���                   ,25   ,2018-11-20 20:49:32,���Ӱ��������ڣ���������һ�Σ���ӰԺ��������Ц�������ڿޡ����Ǻ��ߡ�
����                    ,25   ,2018-11-18 23:35:03,�뻯ױʦ��Ҫ͵����ע��һ�³½����޳���׵��֣���
��ש��                   ,22   ,2018-11-16 15:32:15,�������Ϯ���ǡ�����ʯͷ�����ֵ����Լ�ǿ�ķ���ϲ�磬�Դ�һ�ֺ�ɫ��Ĭ�������������ʣ� ��ע�ײ�С����ı�ϲ�磬��˼�ܺá�����־�Ͼ��ǻ��絼�ݳ�������ڳ�ͻ����ƺ�����״̬�������ϣ�ȷʵ�����˿�Ȧ�ɵ㣬����һ����Ա�ı���Ҳ�ӷֲ��١���֧��̫�࣬�����ƿ��������㣬���ڿ�ʼȫ�߿�����߳�Ϸ��һ���־�ʽ��Ⱥ���ճ������Եû�������ϧ�ˡ�
����                    ,22   ,2018-11-21 18:30:06,������ϫ�ͳ½���Ĺ��ݷ��ԣ�˭�����ľ͸��������ˡ�����ϫ��ǰ��α������Ǻã����Լ������Ľ���Ͳ�Σ�һ��Ӳ���������ϵĽ�ɫ���������ݴ���������µ�������������Щ��Ҳû��������������㡣ϲ��Ԫ�غͺ�ɫ�ĵ���ռ���У���������ѡ���˸�ȡ�ù��ڵ�ϲ��Ԫ�ء�
darkcat                 ,32   ,2018-11-19 17:52:24,�������׸���ֵ��ر�ͻأ�������Ƕ�����Ңʮ���ĸ��ֱ������Ȼ����Ϊ���һ�׸�ͻȻ��ȫ���˵ĸо���û�취������ʱ�����̫Ӱ�������ˣ���
��ҩ                     ,52   ,2018-11-17 21:24:41,������˭�Ƽ��ģ��˷���2��Сʱ��ˢ���Ա�����ġ�
�ߴ�����������ɣֻ�����ɿ���,42   ,2018-11-22 22:47:05,����������ֵ�����ʲô�����������Ĺ���Ƭ��ƫ�õ����֣�����Ҫ����8+�����ǶԹ�����Ƭ�����¡�����½��Ķ�ʲô��ʲôѽ����һ�������˶������˼������Ƿ���̫ˮ�������Ĵ��ս���û�б����ٸ�Ц���ˣ��Ǹ���Ѫ��Уboy�������������ɥ������Ϊ���ǷǮ�������������һ������Ļ�������ǲ���̫�����ˣ������Ȼ�����Ҳ�Ƚϸ�Ц��ǿ�����˼�ȥҽԺ����ط������ǲ��ǹ����е����ô��Ц��Ƭ8+����wtf����
����                    ,12   ,2018-11-17 17:32:55,7�֡�һ�����ſ�ɬ�ĺ�ɫ��Ĭ�������Ұ�����֮���Ļ����޳���Ϸ�绯��̬�����������µĵ�Ӱ����Ҫ��һ����������ϵľ��ɺ�Ȥζ��������Ƹ��أ���ơ�����˼���ͳɹ��˴�롣��Ƭ����ϻ������ԣ�����Ϸ��������Ƿȱ�����ҽ����ϲ������ݡ���Ա�Ǳ��ֵö�����ӰƬ�������Ƕ�����һ�����ݵĿռ䡣��������ϫ��Ϸ������ĺã�ʧ����һ��Ϸ������õ�֤������ϲ���߳�����ǰ���Ƕθ������Ƚ�Ӱ������о����ܵ���˵���ǱȽ�ֵ��һ����һ��Ƭ�ӡ�
kulilin                 ,53   ,2018-11-14 22:53:35,�߼����������ż���
������                  ,24   ,2018-11-16 20:27:00,ǰ�벿��Ϊ������ϲ�磬��벿��������˵ײ���Ϊ��һ�����ϲ����ı��硣�߳�Ϸ�仭��������ɧ���������Ӧ�����������ɽ�β��Ҳ�����۾������̻�������Щ������ζ�����ǳ���ϲ��
������                  ,36   ,2018-11-15 22:33:48,����Ƭ�Դӡ�����ʯͷ���ɹ�֮�󣬶��������µĺ�ɫ��Ĭϲ��Ͷ����������ƣ�͡���Ƭǰ�벿�ַǳ����ŵ�Ϊ�˸�Ц����Ц����벿�ַǳ�����Ϊ��ɿ���ɿ�顣һ�����ݹ�Ȼ��ǰ�Ǹ㻰��ġ�����Ƭ�Ӿ籾©���ܶ�ֵ3�8�2���˱����о�������Ƭ��������ϫ�����0.5�Ł8�2������������ǰ;��������������3.5�8�2
��С��                   ,24   ,2018-11-20 22:35:30,������Ӳ��֧�����顣��ν�������£���Ҫ��һ�����²���������������������ǰ�һ�ѻ����������µĹ��º�����ǿ�о�£��һ�𡣡���
Ӱ־                      ,5    ,2018-12-10 12:36:57,���������������������ѵ���������ס����͡�SPA��ǰ���ٰ�Ħ���������ۡ�����������Ƥ��һ��һ����ӡ��������ǿ�� �����������겻��ĺ�ɫ��Ĭϵ�����������ȷ��һƥ�������߽������£�Ц������㲢�档����ϫ�������������ˡ����׵Ĳ��롷��Ѹ����ǿ������ǣ�ƶ�����������ΪʲôҪ���ţ���Ϊ·�ߵ�ͷ�ˡ���˵�˵�������ȥҲҪ��һ���ţ����κ��ţ��˹����κ��ţ��Ⱳ�ӾͿ��Է�ƪ�ˡ� ����̫���ҵ�������ķ���2018����ʮ�ѡ�
Сһ                      ,31   ,2018-11-14 16:49:22,������Ц������һ��ޡ���
�Ŷ�����                 ,20   ,2018-11-14 21:47:58,1��̫�����������ɿ�飬ׯ���ε�������Ӱ��MTV���� 2�����Ϸ��Ա��Ϸ�б��ֺܺ������Ƿ������Ϸ��Ե�native����Ϊһ��ÿ���ڼҶ��������Ĵ������ˣ����½������������Ӳ�ĵ����ϻ�����ĺܳ�Ϸ�����۾���������Щ��Ƭ�кܳ��ʵģ�ȫ��native speaker���س�ϲ�磬���Բ�������Ĳ�����
����߶�                  ,17   ,2018-11-21 21:41:24,��α�����Ʒ������й����ٵ������ٵײ㣬ֱ�а�ʽ��Ů�Թػ�������Ů�Խ�ɫʵ�ʶ��Ǳ���������Ϊ������̱�ӣ���СƷ����ľ籾�������޲��ܵĽ���ճɵ��ӻ⣬ǰ��Ӳ�ӣ��ѻĵ�������˶�Ϸ�����Ӳɿ�����ڶ�����С���ӣ���Ȼ��Ⱥ�ܻ��Ǵ����������Ǳ��뷨���ֵֻĽ�β���ṩ�˼���Ψһ�����㣬���۾���ѹ���ڵ��氺��ͷ­������ʢ����������������ʵ���ˮ���Ҷ������������ݡ��Լ�����ÿһ���˵����������������������ң���ʱ����û�ض�˵��ȥ��
��С��                   ,8    ,2018-11-23 12:28:37,���������ϫ�Ƕ���ʵ���¹��ܲ�������Ҫ���������������֮������Ϸ����Ȼȷʵ�����ÿ���Ц�����Ƚ��㡣��ο�����������˵������Ա�Ĵ���������ˣ��ⲿ�ڱ���Ʊ����Ϯ�ɼ���һ�㡣
ƫִ��                    ,21   ,2018-11-16 22:51:54,5��Ƭ������Ӳ�趨���������ã�Ц�㲿�ֿ��Ե�����ʹ��һ����������̫���������ȫ�߱�����ÿһ�߶����뵱Ȼ�����ݾ��ø����ˣ����ͻȻ���֣������Ī����ʧ������������Ϊ���Ǽ�����Ψһ��ס�ľ������˺�Ƥ����ҪϹ��ɶ��ʵ���壬��ʵ��������ʵ�������¡�
Mr. Infamous            ,31   ,2018-11-08 19:02:03,�ڲп����ʵ��ңԶ������䣬˥�ϵĳ�ª�Ĳзϵ��������Ŵ��۵����ϣ������������Щ�Լ�Ҳ��֪Ϊ�ε��Ҽ�ֵĻ�ơ��������˻�һ��Ƥ����Ƥ����ǧ���ٿ��ˣ���Ҫ���˽ҵ�׽����⡣����ʧ����ʧ�䡢ʧ�⡢ʧ�ģ�����ˣ���ЩĦ��������ż�ù��飬�Եø���������ã��������������̻������Ǹ������ر���ġ����Ӱ����������ྫ�ɵ���Ĭ��ȴû��Щ�������������������������Զ��֪������һ������˭˭��������������������ĳĳ����ͻ׹��Ԩ������ϫ������˱�����½����ݵ����Ƕ��ˣ��õ���Ա��ȷʵ����ྪϲ�Ĳ���������ޡ���Ӱ���������һ������ϫ�ġ���һ�ȡ���//1118��ˢ������ϫ�����˱�������������̫�����ˡ����ǰ롣
����                    ,33   ,2018-11-17 08:31:38,��ľ���һ�㣬��������ϫ�ݵ���ĺá��������˰��������ǶΡ�bug̫�࣬�Ǿ�����ǳԸɷ��ġ��ֳ������Ĳ����ǲ��Ƿ��������� ����û������˵���ǻ���ʲô��������ָ���أ�׽�������˲�֪���������ֻ���(��֪�������ܲ����ⷽ�������������������ˣ������Ǹ�������С����˵ʲôΪ�����������Ŷ��Ӷ���Ҫ�ˡ�������զ�Σ�������������氮������Ҳ�Ǹ��������ε��ˣ����ǵ��Ҹ������ڱ��˵�ʹ��֮�ϡ���Ҫ�������Ӿ�����Ϊ����ǹ��Ϊ����ܡ�Ϊ�˸ж�Ӳ��ɿ�顣�Աߵ��˸ж������ᣬ������ֻ�����Ρ����˶����úã��Ҿ;��ò���
��ħ�Ĳ���                ,7    ,2018-11-16 20:19:27,�����ǲ������ͷ���ʲô�Ժţ������Ķ��ܼ���һ�ǰ��Ϊ�������������桭��˵�ˣ��ķ�������Ƭ��������������������һ֪���Ҳ�����ݵ�˵���������ص����ص���������İ���������ɣ���������ô�������˵ľ��飬��Ȼ���ǿ��Կ����ġ�
«�ܷ�                    ,13   ,2018-11-17 16:21:18,һ�����ײ�С���������֮�������������ϣ�����ɳ��ʫ���й��ײ㡷������ͬ��֮�
ط��                     ,10   ,2018-12-05 02:33:36,����Ǯ�˾ͱ���������������[����ʯͷ]���[Ѱǹ]����Щ�ط�����Ц����Ҫ�����ڷ��Թ����������ϣ����Ǿ���ʵ���ǡ�������������һ��ʹ��Ӳ������һ�����ȥ�Ŵ��棬Ȼ�������ĵ��ֲ��á�������+Ңʮ��������ҥ��λʱ���˹�����
��С��                   ,27   ,2018-11-14 21:45:32,����äĿ�����ǳ嶯�����Ǻ�Ƥ�������̻𣬰������㡣����ס���ԣ�Ѱǹ����һ�����
�����ϵ�����             ,12   ,2018-11-24 22:18:37,����־������ͦ���Եġ����������Ǽ���Ҫ�û����ϵ�����֮����Ϊ�ػ�Э��������ҧ���ٰ��ĳ½������ֽ�ɫ��֪�й���Ӱ��Ϊ����˶ࣩ��Ҫ�ɴ������������˱�����ϣ�������ä��Ҳ��ʧһЩ�ɰ��ĵ�ɫ����Ϊ��������Ϸ�ġ������������ϵ�̱������ϫ��С�������⻹��ֱ����ծ�ߵĿ���������Ե�һ��֧��������н�ɫ�����ݵ��˼ʹ�ϵ�뱾Ƭ�����¼�������һ�����ֽ�֯�Ľṹ�������ʣ��ѵõ��ǵ��ݵļ���������ÿ�δ�������������µĽ����������״̬�����뵽ĥ�籾���Ѷȣ���ȻҲ�������������ˡ�������ʵ��û�����⣬�Ķ�ֿ�Ҳ������Ա���Ӻʹ�����ڽ��롣�˱����ó��˴�ҵ����ѱ��ݣ�����ϫ�Ĳ�������Щ����ʽ�����ݷ�����������������ϻ�������־�ϲ�Ƭ�ӵĿ���д������������ɶ��Ǻܺõģ��������й���һ������Ŀǰ���
Ƥ��ҵ                    ,11   ,2018-11-28 20:18:15,�о������������˸��ӣ������й���ɫ�Ĺ��Ҽҷ���ϲ�磬�������Ĵ����Ͷ���Ƹ��۸��ֵ͵�������������Ƭ���ʵ����Ƭͷ�������Ͷ����������������ˣ��о��м俴����ʮ��α���
��Ͽ���Ӱ                 ,19   ,2018-11-20 12:02:27,�������Ǳ�Ƭ��ּ�������ǡ�����һ���������ѧ�ᰮ�Լ��������˵Ĺ��£��õĹ������ý�ɫ��������Խ��Խ��֪�������������ý�ɫ���Խ��Խǿ������ᵽ�����ӶԷ������ʹ�࿪ʼ�����ܴ������˴��������İ���
��������                ,29   ,2018-11-16 20:43:01,���������������ʵ�����֣�����������ձ��ӰƬ����������������������ǳ½���������˷��е�̨�ʡ����ӡ�������������������Ҳ�������Ӳ����ͬӰƬһ��������ɤ�ŵ�̨�ʣ��������¶��Ǹ��ڱ���Ĺ����������β����Ҳû�ܶ��ٸ��ơ���Ƭ���໰��������˵�Ǵﵽ���˹�Ӱ�����ͼ����ˡ���Ψһ�������������ϫ�ı��ݣ������Ǹ�����Ա�����ϧ����
�ŵ�Ӱ������              ,25   ,2018-11-07 16:30:53,������ӰҰ�ĺܴ󣬽���������ǲ�ܶࡣ��Ҫ��Ц��Ҫɿ�飬���ȴ�ǹ���ϲ���Ӱ��ͨ�������ˣ��Ρ����ˡ�����ʯͷ�������Ӣ�ۡ���һЩ��Ӱ�Ŀǣ�ȴûѧ�����裬��ʱ���������Ҳû����ʲô���ã������������˵��趨����̫�����������ó½��󵣵�������е�С�ƻ��Ľ�ɫ����������Ҳ�ܳ�������������Ҳ�Ǿ�ְ��һ��ǹ�������Ҿ֣��ĵ�����ϲ��ƴ�գ�̫�������ˣ����ȴ���˻�򲻹������������ǰ�
��ɭ�ؾ���                ,17   ,2018-11-22 00:11:10,Խ������Խ��ȱ������������ڰ��Ը������������ˡ�Ϸ�磨�ɺϵ���٣����ݵĿ��ţ������ġ�����У����ǵ�ͬ�ڵ�Ӱ�����ú�һ����ġ�
������                  ,9    ,2018-11-20 22:47:20,ǰ�벻�������ŵġ�����ʯͷ������뾹�������Ƭ����ʪ�ǳ��ǹ���Ƭ�����еĴ��й�â��Ϸ���������˵��������й�â����Ա�����ػ��ɵ��ݿ���������̫�ɣ����������С��������ϣ�������󽻻�ʱ���̻���������ͯ����������
������                  ,13   ,2018-11-22 10:17:51,Զû��˵����ô�á�����ǰ벿��Ϸ������������ɽ���������ĸ߳��ŶΣ��߳������ף�����ѧ���Ǵ�ս��죩��ȱ���߼������羯�����������Ե���˵��ܣ�һ�������죬ȴ�ϲ���˭�Ƿ��ˣ�Ҳ������������ȺŹ������ǰ��εĽ��ա����ܡ�Ц�д������ز�������ֱ��ֱ�ӱ�������Ӱ�������������ĸ���Ҫ����������ģ�������Ҫ��ɫ�������׻��ġ�
�����                   ,10   ,2018-11-21 23:04:58,�ʹ���ͽ���������Ĳз�����Ů������һ������������������һ������Ӱ��������ֱ����Ƿ��˭˵�񡶷���ʯͷ�������Ͷ�������մ��ߣ���Ӱ������Զ�˺��������������ڶ�������Ƭ���������ʶ���������⡣����һ�ڹ��ݻ�մ�������������ÿ���˶�˵����������ʵĽ�ɫֻ��������һ����
�Ϲ�                     ,7    ,2018-11-20 23:38:40,�����ж���������û�����Ҹе�Ƭ�ӣ�����������ƽ����̫��������ϸ�ڴ��νӵ������޷죬������Ա���׽��������������Ϊ��Ҫ�ģ��ҿ�����һ���������ϵ�����������������ů���޴��ڵĹ��¡���Ƭ����11�¹���Ƭ��ѡ�8
�ſ������ϵ� ؼ            ,24   ,2018-11-19 17:24:01,���ݵ���ȫʧ�ܣ����еط����������ͣ���������Ⱥ������Ķ���
Muto                    ,19   ,2018-11-21 22:41:41,��������һ����ġ�����֮��������������������޹˼ɵĴ���������Ϊ�˵����ϣ����������ʴֲڵ����¼���ͬ��Ҳ�����˹��ߵ����̡����߰ѵ�Ӱ������Ƶ�����ֵ�ƽ��ý�飬�����ײ������뵱Ȼ����һ���������ģ���������Ļ���Ӱ��������ܵ�������˵��������ʱ����Ȼ��ƣ�������Ƿֱ治����ʵ����١�
������                  ,23   ,2018-11-18 18:33:41,����һ�̻����Ӱ��������ʸУ�ֻ������ϫ��������һſû�Ϻ��ȡ������ݻ��汾�ġ������塷ԭ��Ңʮ��������Ϊ��Ϲ�ӡ�������ʶ�����ˣ����ҹ��ݻ�Ҳ������һ�£�һ�׺ø��õ�ϡ�ã�û�����Ĺ�����ô�����أ�
����                    ,14   ,2018-11-16 22:42:29,�������ϣ��ѵõĸ�Ц�����Ρ��߼���������ϲ�硣Ϸ�����ܺã�ÿ�����ﶼ����ס�����������Ц�ϣ���ѹ����һ���ö��Ӵ������СƷʽϲ���Ӱ������з�Ů�����ٷ���������ͻ��������ϫ������ı��ݺ��ˣ�Ҳ���л�ѧ��Ӧ��ȫƬ��Աû�е����ӵġ�ϲ��ӰƬ�ĸ߳�����ͽ�β������Ѫ�����ᡣ
Blueblueblue            ,0    ,2018-12-05 08:32:53,����̫�࣬����̫�ߣ��е�ʧ����������Щ�ط�̫���⣬̫ɿ��
�¿���                   ,19   ,2018-11-15 23:23:50,ҩ���Ҹ������ǣ������Ҹ������ǰ롣�����Ƕ���ͬ��������������ҩ��������Ǳ������ƶ�����ǰ�������������������Ĺ����������ƶ��Ź��£����еļ����¼��ķ�����������ڽ���������ϵ�������Ȼ�ı仯������������������Ȼ������ġ�����֮��������δ������ᷴ��˼���۾���ǹ�Ƿ�Ҫ�����½����Ƿ�Ҫ��ǹ����ɫ��ѡ���Լ�����ѡ������塣��ʼ�վ��ã��������ϵۣ����ϵ���Զ����ֱ�Ӹ�����𰸣�һ���õĵ�Ӱ������ˣ������������������м�ֵ�������ǽ��������Լ�ȥ����ͻ�ζ�����Խ���ʱ����˵��ΪӰƬ�Ĵ����ߣ����������ܹ����ѽ�ɫ�Ĵ��ڣ��޷���֪��������ѡ���������ȷ�����д�������һǹ��ȫ�˽�ɫ��ʣ�µ����̾ͽ������ǹ����Լ��ˡ�
��а����                 ,24   ,2018-11-15 22:11:11,��Ҫ��Ϊ���ƻ���̫Զ�ˡ��߼���ͨ���ÿ����Ϊʲôȥ����ôȥ�Ķ�û��������о����ݳ���Ӧ���������ĸ�Сʱ��Ϊ���չ�Ժ�߲ż����ġ���ϧ��ϸ�ڶ���û�ˡ����ݻ��Ǻú�д�籾������ɣ��ĵ�Ӱ���¾ͽ���רҵ����ȥ���ɡ�
annie                   ,19   ,2018-11-19 14:33:17,3.3 ��һ��β̫���������ˣ�һ�������������ܡ�С������ծ�ϰ忪�ڱ�̸��������Ů��Ϊ�������ѵ�ǹ����������Ϊ�˰ְֵ���һ������ӡ������Ůͬ������³����н�顢һ�������Ĳм����ڿ��Ը�����loser �����տɵ���Э�������Ͼ���ǰ��������ʵ������ģ����������һ���������׵ĳ��ڶ��š�������������ֻ��������ʵ�� loser ���ϣ����������ߵ����룬����Ҳ�ܿ�Ц������������Ƶ�ĺ�������ʵ���в������֣����ǲ����֣����Ͳſ��֡����߼�Ӳ����Ȼ���ڣ������������ bug��
�һ�ʯ������              ,8    ,2018-11-21 22:08:05,���źܴ���ڴ�ȥ�����;�����Щһ��
����С��                 ,15   ,2018-11-16 21:38:58,��Ҷ�ʲô�����ݼ������ε�Ϸ�ĸ�ѧ���ĵ���
����                    ,5    ,2018-11-24 11:33:43,����ʲô����֮�������ǵ����ֽб��������죬���ز��ϰ壬�м��ˣ��ٷˣ����ף�Ů���������й�ϵ��ͬһ�ж����ͷš���û�ͷ���Ƭβ��Ļ��Ҳ�ͷ��ˡ����Ҳ�֪������һ������Ļ��Σ����Ǵ����ݺ����ѹ���µ��������ڰ��׶����ĵ�Ӱ�����ܿ���ǰ�ߣ�����ҩ����ⲿ�����ҿ���������ߡ�
�ɿ��ޱ�                  ,6    ,2018-11-26 10:20:24,����������������һ������ɶȣ����������ĺ�ɫ��Ĭ����̫Զ�ˡ���ҵ�Ⱥ�������Ƿȱ����Ƭ�ӵġ���Ӱ�С��Ϳ����黨��ƽ��ֵ�óƵ��Ĵ�ž��ǹ��±�������������Ⱥ�񣬶�ɿ���������е������ڰ���װ������Ȼ�󣺡�����ҿޣ���
netwilliam              ,9    ,2018-11-24 00:19:29,��������Ƭ�Ŀڱ��ż�����ʵ�صͰ�����ƪ����Ӳ�յ��ɺ���Ӳ�ˣ����ҿ���������ǰ���꡸���ڶ����ۺ���������ʸС����Ǽ�λŮ�ǵ���ֵ��OK��
����                    ,4    ,2018-11-24 12:03:40,ϲ��������£���Ȼ��β�ˡ�
��ĳĳ                    ,23   ,2018-11-19 00:33:57,2.5�ǡ����Ƭ�����������£��Ҷ������ݣ�ѡ�����������������ɿ���ơ��������µ���ͷ������ȫ��һ������Ҳ�Ǹ���Ӳ������ʵ�����������ϫ���������ߵ�������ĸ������Ƭ�ء�Ӱ���ʸз·�����С��Ƶ���Գ��пռ������Ҳ���������ݵĻ���ϰ�����ڣ�����Ƭ�ж��ǿ��ŵ�˻��ͷŴ�ĳ�ͻ��������̨�����ǳ�Ϸ���ĵ�̫¶���ˡ�
����                    ,14   ,2018-11-17 11:32:23,�������½����ݣ��ܶ��Ӱ�ַ�������������ɿ��Ҳ���п��⣬������Ҫ������������伲�࣬С����ı�ϲ��������Ц�д���ķ�ʽ���ֳ���������ľ��úܺã��ܺá������ڲ�ϲ����������νŬ���˾��ܳɹ���α��־�������������ײ���������ôŬ������޷���ת����Ӱ�е���Щ�ˣ��������񹤣�С�㣬ȫ��̱���ߣ�ѧУ�Ĳ�����û��һ������������ϣ���ģ���Щ��΢���˳������ˣ���Ȼ�������ֵ�Ŭ���ţ���Ȼ��׾�ı�����ߵ��˵İ���
��ӥ                     ,19   ,2018-11-17 18:16:29,70%����&��д 20%�ϵ��ӽǸ��� 10%�������� ̨��ϡ�� �ܾ���������Ϸ���ͻ��ͬʱ��ȫ���������߼�������������� ��ô�߷������ⲻ�� ����������Ӳ+���� ��֮������̨�ľ�Ц���� �ݺ�̸�����Լ��Ķ�������ʲô������
С������С����            ,8    ,2018-11-19 07:05:04,ȫ���ݼ��ɣ���Ӱǰ�벿�ֺܸ�Ц������Ű�����ˡ�
ˮ��                     ,5    ,2018-11-22 22:38:05,7�������ߵز����̣���Ӫ��ҵ�ұ��ף�XSӿ�Ͻ�ͷ��TJ�����峡����ô˵�����ͷǳ�����������г����������ˣ�������Ϊ�˴յ�װ�޷ѡ��������е���ӵ���ζ�����Ͼ����ڴ󱣽����ꡣ
��ɽ                     ,9    ,2018-11-09 18:39:24,�ǳ������һ��ӰƬ������ϫ�ı��ݳ�ɫ��������һ���ܸ߼��Ĺ��£�ֱ���ִ��˵�����������̨��ʧ��Ӣ�۸в����Ǹ�Ц����
SleepWalker             ,15   ,2018-11-16 13:47:32,�ȵ�����һ����Ʒǿ�ܶ࣬���껪��ʮ�Ѻܿ��ס����ÿ�궼���м���С�ɱ��������µķ������͹���Ƭ���ⲿ�����ۺ������ϸߵ�һ������Ĭ���ͺ�ɫ���ƽ��õ��������ھ�̶ȹ�������ڷ��ɱ�Եȴ��Ͷ��·�����ޣ��վ�������ʲô���³����ǳ���ʵ�ˡ�����ϫ���������䰡����λ����Ա���Ƕηǳ��������²�������㺣��д��Ž�����Ϣ���໥��ȫ��������������������½�������ﻡ������Ҳ��ƽӹ���ÿ�������ת�۲��������β������һ�㡣�˶�����ĺ����������ǳ��໹�Ǳ��ݡ���֪������������˻�����ô���ͺ�ϲ������Ƭ��������������ô��������˭�������ף�˭���������ಫ��
�������                 ,1    ,2018-11-28 17:04:34,��˵Ϊɶ�ӻ����ţ� ��Ϊ·.�ߵ�ͷ�ˡ�
������                  ,11   ,2018-11-20 02:06:29,�ȷ���ʯͷ�����˵����飬������÷��ӵ��ݵĵڶ�����Ƭ������Ѿ��������͡�����ϫ+����ɾ��˻���Ӱʷ�ѵõĴ��нٷ�+��̱�ֿ�Ů��������䣬��ΪʲôҪ���ţ��������������ʣ�µ��š�����ʱ������һ���ˣ�Ҳ��һ��������ǰ���ţ�ͻȻ���ҵ��˻���ȥ�����塣���Ķ��߻���Ҳ��һ�����ϣ�С����������ȥ������Ϊ��һ�ݡ��顱����ĦŮ���ţ������������ģ��˱���С���±��ܣ�����Ը�������ĺ��Ÿ����龹Ȼ�е���ˣ����������С��Ҳ�������ˣ����½�����ô��Ҫ����ƴֻΪ���µ���Э������ʣ�µķۡ���������Ҫҽҩ�ѣ�������ξ��ˣ����������ֻ���ڵ���ģ�ͻ�����Ȼ��֪��������������˶����˽���й��ײ���һ�棬����ֻ��Ҫ�����һ����������ǿ��������ȴ����������������ᡣС���е��ΰ��裬���Ʒ�Play��С���Ƕ�û��ȥ��������
���� mecca              ,3    ,2018-11-26 22:15:47,11/26@��Ӱ���� �־磬�Ρ��������趨�ѡ�̰�Ĳ���һ��ɳϵ�С�
Ӌ��ͨ��                  ,18   ,2018-11-14 13:29:40,��һ�л��ֶ�û��΢Ц��һ�п��Ѷ�û����ۡ���ƽ����Ϊ�˷�����й����������Ϊ�������ҵ�ѹ�֡���еĴ�����֯������֧�߻�۳ɽ�ֵ�������ŷ������Ȼ��ֹ��
С��                     ,6    ,2018-11-28 01:20:37,��Ӱһ�����ж����ڵ�Ӱ��ʱ�̣����������ŷ��ŵ����������緹�������������Ŵ�ͷ��������Ⱥ�б��ܣ�������Ѫ���������߳�Ԯ��硣�Ĳ��������Ķ��䣬̨�ʣ���ͷ����Ч�����֣��ݼ���һ������λ��һ������û�У��ǾͲ��Ǻû������⣬���ֶ���������û���ʸ񱻳����ǵ�Ӱ��
������������ˮ           ,16   ,2018-11-16 20:54:38,����ϫ ������������Ա��ֱ�����䱦 ϣ����ӫĻ�Ժ���Զ�࿴�����ǣ���ʵ������ٵ�������������˽��Ҳͦ����˼�� �������ǵ��ֿܾ϶������������ľ���ͨ���ˣ�
��һ�ѵ���                ,16   ,2018-11-19 17:11:58,���ܿ��ĵ�ӳ������Ϊ���ִ���˼·�ñ������ͷ��
С�����9�6               ,9    ,2018-11-16 23:13:14,���ʱ�������˼ǹҵĽ����������ں�������������ǹ��׳�ҵ�ǹ����û�ڿ�����̻��������������Ű��飬�����ڳ������ģ�ͷ��飬�ѱ����Ψ�й����ûʹ��˹��ͣ�����׷�������룬�����߬����һ��û�а��ǵ�ˮ�󼦵���Խ��������ĦȴԽ����͸��;�������ͱ����������е�ˮ����棬û�˹�·�ļ��粻֪�����ɻ�����һ����������ʥ�ٸ���Ϊ��ǲ��ʾ�����֣�Ϊ�γ��ݵķ�����ϲ�����ȴ���Ͳ���һ֧�����ǡ�Ӣ���ڹ��ή��֮ǰ�������ۣ�һ���ҵ�ϻ��߹�������ֻΪһ��ԭ�¡�˭��˵������������㽰��飬ú��š�����������޵�ƭ��������Ѫ������İ����Կɼ��ꡣÿ���˶���һ���µ�����ȴ����Ը�����㽨����������ҪЦ�ŵȴ�����
ɽˮ�̻�                   ,6    ,2018-11-17 16:28:21,ϼ�õİ����ǣ��۾��Ļ��������µļ�������������ů��������Ŭ�������Ļ��ţ�������Ѿ��Ƕ��������������ˡ�������棬���峤�棬�⵱Ȼ��һ��ϲ���Ӱ��
��������                ,18   ,2018-11-18 02:13:17,what����������±ƣ�8.4�����ڳ�Ц˭������������˵�Ļ���ο�@������Ķ������˿���û�����ǵ�������ֻ���������Ҵ��ҹ��˯����Ϊ�İ㣡Ϊ�˳½����Ϸ�Ŀ�����Ϊ�����߰���������ϵ��Ϊ�˲�֪��æʲô�ľ��죿Ϊ����Ϊ�����߼��Ķ��Ӻ�Ů����������������Ψһ��Ӱ����ǣ���С��ӳ�����۵�ʱ�����˶�����ˣ����ɻ��ӣ������컰��
�������                 ,4    ,2018-11-19 14:07:40,1.С����ȺϷ�ÿ����������󱣰������ͷ��ÿ���˶����й������������¾��ǡ�����ķ���䲻�硶����ʯͷ��������ɫ��Ĭ������ͬ��֮� 2.̱������ٷ˵����Ϸ��Զ�Ϸ�����������Ц�㡣����ϫ�����磬���ų��⳵˾�������޵�Ī����ͷ����������顣����ŤŤ�ĳ󻭣���������ĸ����3.��Ӱ�ں�벿��ʵ�е���ң�����ǰ�벿�ľ��ʣ�����Ա��¯����ı��ݣ��Դ����ֲ��������½⣬�������ſ������ʵ����ġ���Ů�ͽ⣬�����嵲ǹ�������ӡ������˲����ף�ȫ�ҵ��������ڡ��½���ľ�ǿ���������˿����Ǽ������ֺ�Ц��
����ʫ��                 ,11   ,2018-11-13 21:09:52,�̿������ĺ�ɫ��Ĭ�£�������֮�����������ײ��С����Ϊչ������Ӱ��һ����ǹ�Ķ�ʧ�������ĳ��˶������µ������⣬�������Ǹ��Ե����������ڴ�����ȺС�����Ƕ����ϵļ��أ����Ϊ���ⲿ��Ӱ��Ϊ���������������
��Ϊ�㳤�ó�                ,17   ,2018-11-19 17:10:54,��ʵ֤�����������ֻ��һ������������ϫ������̫�����ˣ�������Ƭʧ�⡣
zhanhei                 ,6    ,2018-11-23 19:04:13,���и�������̫�������� ����������̻��Ƕ� ���ġ�������˵���� �ܶ���û����Ңʮ���� ͻȻ����Ҳ�ܾ�ϲ
57                      ,5    ,2018-12-03 00:17:58,���ع����˰ɡ�����������û�������������ȱȽ����ң����Ҳ��ͳһ�����䲻ϲ���֣�����������Ӧ����ν����֮��Ⱥ���ڲ��Ļ��Һ͸��ӡ���������̨�ʣ��ı������Ƿ������ͱ����������ȵĲ��֣���Ҳ�㲻�����㣬��Ϊ��ֻ�����˸����������ǵ�Ӱ��
��ɫ����                 ,8    ,2018-11-17 18:36:26,���ҽ��굽���ڿ����Ĺ�����Ƭ�������Ž�ǰ�壬������Ϊ��֮ǰû�������ڴ������Ը��⾪ϲ������ȱ���Ҿ�����ƴ���ĺۼ������ԣ����Ƶ�Ӱ�ļ����������е㡶���˴���ǹ���ĸо����������Ӣ�ۡ����о�������һ�����ӡ��Ļĵ�������ע���������ͣ���¿��ˮ���Ĳ�����������Ӱ�ǳ���׼��ץס��¥�кͳ������������ʱ������������׼�����������ã�ÿ�����ֳ�ʱ�������ʱ���Ҷ�������޵ĳ嶯��
��߸��                   ,6    ,2018-11-20 19:08:53,��˵�Ĵ�����ʱ�������ϫһģһ��
����-                   ,4    ,2018-11-20 15:52:36,�ܺÿ����������˶���Ϊɶ�С��ųǡ�����������ĺܹ��ݺ��ˡ����ѧ�Ķ��Ȼ��������컰�������໰��ֵ��󳬹��ҵ�Ԥ�ڣ���Ļ���εúܺ��ˡ���
������                  ,8    ,2018-11-28 19:09:44,��Ա�ݼ������ߣ�����籾��Ƹй�ǿ�����н�ɫ������š�͵�drama�С�ӰƬ�������ڶ���Ů��ɫһ�㣬����ǹһ����������ݿ���һ����ȷ��ʹ�죬����ϸ������������������ɫ����ʱ�̴��ڱ�������״̬���������ͣ��л�����̨����й�С����һ����Ը�ذ��Ž�ɫ�İ�����������һҹ֮��ȫ���������Щ���ӵ��������ǰ�
Ĭ����                   ,6    ,2018-11-21 23:47:48,��ʯͷ�塱��Ӱ���������Ѿ��ܶ࣬������������ʯͷ�Ǳ������صľ籾����������ͣ���������ǳ���¶�ԡ���ƴ�ڻ��ǰ��̹���Ϸ�ʶ����ڵ����ϵ����ȵ׵��ǿ̣�Ȼ����ƴ����Ƭ�Ĺ������𽥽����������ĵײ����ϡ�������������У����˳�����ë�࣬��ͷȴ�������գ����ڸ������ݼ䡣
�ߵ�������               ,7    ,2018-11-16 21:34:17,��Ӱû����ĺá������͵ĵ�Ӱʵ��̫���ˣ����ڵĻ�û��Խ�����Թ����ġ���Ա���˺ܶ�֣�����ϫ���ޡ�����ȺϷ�ҵģ����Ե���ˮƽ�����ˣ���������̨�絼�ݣ����Ƶ����ĳ������Եģ���ȺϷ����ĵ��ȾͲ����ˡ�
�������                 ,8    ,2018-11-17 14:07:31,�þ籾+����Ա�ĵ����ˣ�����Ԥ�ڣ�Ƭβ��Ҳͦ�����ģ����ǽ�β����Ĳ�̫�ã������Ⱥѧ��û����������Ի��ǿһ��ɡ�PS�������㲻���ҵ���̨����Ӧ��ѪϴBվ��������
����                    ,6    ,2018-11-21 02:29:44,�ѹֶ������־Ӹ߲��£�������ҹ�������ϲ���ķ��������°����ӡ�����ʯͷ���������Թ����ٵ���һ����ʮ����Ȥζ���䡣ͬ�������ĳ���߷º������Ƭ���Լ�������ͬ�г��еúã�������ڸ���û��һ���ܴ�Ĺ���Ƭ�������ڼ���̫���ˡ��������⻹��һ�������Ӱ���ڹ̶�������������ʵ����Ա�ı��֡�����֮��������������̨�ģ������ǵ�Ӱ�ġ��롶��ã����ӡ��Ĳ�֮ͬ�����ڣ�ǰ���������鷴ת������Ƭ�ڽṹ�������¡������кܶྭ�������õľ���覴ã�������Ȼ���ںܶ�˲���������鶯�ˡ�ʵ�������ֵ��Ǳ�ƽ�������������ÿ���˶�һ��·�ߵ��ڣ������Լ����ռ�׷�����ֹ�ִ�ǳ������������ġ����������˵����˽��㵽һ���ֻ����һ����еĺ��������ָ�Ⱦ�������ù����ڹ�Ӱ�ĵ���ѡ�����ţ������س�Ϸ���ȵ�����������Ȼ�ǳ�������
YthguaN                 ,8    ,2018-11-08 19:10:03,���ﷱ�������������ָ��� ������Ҫ����һ�ָ߼��н��ʧ����
�Ŵ��                    ,9    ,2018-11-16 00:08:01,�籾��ʵ����Ա���죬������С����������;��꣬������ɳ������Ƿȱ����������������������û�п�����ݺ��˺����ĳ½�����ʲô��ʡ��Ҳû�п�������ϫ�������ϵת��Ĺ��̣�Ů�������ѻ������ֵ������Լ��ߣ��о���Ϊ�����Ĵ��ͻ�峡���õġ�������˵���Ǽ��˵㣬���ǰ��~
ÿ�տɰ�������             ,11   ,2018-11-20 18:40:13,ȫ����Ա��ɿ�������ˣ�������������ӣ����Ҳ��ÿ���˵Ķ�������ò��岻���ģ��ǳ�֮��ͷ��βĪ�������Ȼ�ˣ�������Ʒ����û���ɺϣ�����ͷ��βȫ���ɺϣ�̫�٣��Ҳ�ϲ��������ϫ���������߻��У���������Ĳ��С�����Ƭ�и��õ��ķ����ⲿ��û��ô�á�
��ǹǹ                    ,6    ,2018-11-17 23:51:20,��ǹ�¼������ġ�����ʯͷ����ɫ����Ƭ����Ա�ı�������ǲ����������δ�����ڣ�
С����                   ,22   ,2018-11-16 15:51:12,˭�ܸ�����������ڸ���
Z�ǳ�007                 ,9    ,2018-11-16 17:45:39,����Ҫ�����ֵĵ�Ӱ����Ц������ͣ�����ĵ�һ��С�ľ����������ϫ�������̨�ʹ��������ݱ������˵��˵ã���
����������V             ,0    ,2018-12-01 21:49:54,�������еĲ��ɣ�Ҳ��������С�����ϲ�磬�ߺ�ɫ��Ĭ·�ߣ�������ڴ������˹���Ͼ��ö�Ц�㶼�ǿ����Գ������ģ���Ȼ����ϲ�����Ϸ��ԣ������ﲻ�Ǻ�������ס��ǰ��λ��ȣ�������Щ���������ߺ���Ѫ��У���߼����顣�ܶ����˴���ǹ��Ӱ�ӣ���Ȼ���ص����ͬ�����˴���ǹ��Ȼ��ע�ؾ�����ɺ϶�����֮������������ͨ�˵����ϣ���������һ�ࣩ�����Ƕ������½����ϣ���ͷ�Ƕμ�������ĺ��д���ǹ��feel��������ǹ����ģ��������Ƶļ�װ��ǹ�ŶΡ���but���������ϫ�治���������Ǻ��ߡ�������Ҫ�ģ��������͹��˵Ļ�����δ��̫���������ˡ�
��ͷ�̶�                  ,4    ,2018-11-28 14:16:13,�7�6©��һ�ڣ�����֮�ʣ�ֱ��������Ƭ��λ��������ɽ�����ǳ���©�ٳ���Ϸ���˷���ǰ�����е�Ŭ�����7�7�½�������֪����ԭ���ݼ�Ҳ�ǿ����˲��ģ�������У�ſڱ������ǶΡ��7�8����ϫû������ľ��ޣ���������Ϊ¿��ˮ̫���ˣ�Ҳ�����ǣ����ֽ�ɫ������˵��������ս���ԡ�
iokanaan                ,121  ,2018-11-06 16:03:47,���ǰ룬��Ԥ��Ҫ�ã������������Ӧ����Ƭ���ĺ��壬�����ǶԵģ��������µĽ����Ϸ���ͻ�ķִ綼�������ʲ�ͻأ��ÿһ����ɫ�����Լ��Ľ�����չ��������û�п�����Ƹ�û�н��ŷ��Ծ�Ҫ��һ���߸����ϵĳ影��Ʒ���෴����Ц��Ϳ޵�����þ�������ͨ����Ҳ�ܸ��Ŵ��룬������ұ���һ����Ա����������ȫ���ݼ�ը�ѣ��ر�������ϫ��������������ϣ�ֻ��ͷ���������Ͱѽ�ɫ�ŵ��������������ۣ���Ƭ���ܱ���Ϊһ��ϲ�磬Ҳ����������Щ��ν����֮������״���ʵ�Ͷ�䣬���˵������Ա�Ĵ��쵽�ˡ����Ǻõ�Ӱ�Ĵ���Ҳ��Ҫ���˰ɣ����������ϣ���������á�
���ߴ��                  ,7    ,2018-11-17 00:14:09,̫����ɶ������£�̫�����۽����������Ԫ�أ�̫���ù��������������Ц�㣬�������������ǹ��첢�ҿ���ģ���Ҳ������˺����Ӳ���Ķ��߽��濪ʼ�Ĳ���������������ϫ�����ߵ���������ǿɰ��ġ�
�����ˮ��                ,6    ,2018-11-19 19:08:21,��βһ��ͦ���˴����ġ��̻�ʢ����������ֻ��Ҳ��ֹ�ڻþ���������������ʵ�Ŀֲ��������㲻֪����ʲôʱ����Ȼ�������һǹ�������������ڱ������ʱ������Լ���ס�����˵��ʺ���������Զ���ƺƴ���ö�Ŀ��ȴ�������е�̾Ϣ�Ϳ�����
Megamind                ,17   ,2018-11-19 23:46:25,�Ҿ���˵ˮ����������
���u��                 ,4    ,2018-11-18 08:42:27,��������
what'swilliam           ,4    ,2018-11-23 21:43:13,3.7�ǡ�Ц�ύ�ӣ��������ˡ����粻�͡�1.����ɥ��̱��Ů����������Ʀ���е�CPҲ̫�����˰ɣ�����ϫ�ݵò�����ʧ���ǳ�Ϸӡ����̡�2.��������ϫ����������֮�⣬����������������˵����Ȼ��ζ�ġ�3.�ײ���������ʲô���ϣ�ֻ�ܻ���ȡů���Ӳд���4.�����������á�&��ɵ����ɵ������5.�籾���ɺ϶ൽ��ը�����ڶ��������6.Ϊʲô�����е���ϲ�����Լ�Ƭ�Ӽ���ô�飿�������������Ѿ�����װx�˺��
Messi                   ,7    ,2018-11-18 23:59:21,Worse than Crazy Stone
MyLoveIsCool            ,14   ,2018-11-16 00:11:29,ǰ������̫��Ц�ˣ���������ϫ���֣�����Ա�Ĵ���������ˡ���������ͬʱ�����ܰ������½���Ҳ��������������������ﶼ��ŵ���С����������ϣ�����Դ�����������ץ���ӣ���ΪʲôҪ��Ц���ӣ������Ҳͦ��������ġ�
�𲨶�                    ,5    ,2018-11-20 19:47:08,#��ȼ���#����ϫ��̱Ů��������������ˣ������Ĵ���������Ȼ������ÿһ�δ�Цÿһ�����ᶼ��ô���ġ�����������дʵ��͸������ģ����ò�˵���ӹ��ݣ����˳½���������ϫ����ÿλ��Ա�������㣬�Ƿ���ϲ�����̨���յĳ��棬�Ƶ���2018�껪���Ӱ�ĸ߹�һĻ��
Proustalain             ,8    ,2018-11-08 18:18:49,�鷳�����ֶ�ͳͳ�õ��ɣ����б���Ƕ�����Ϊ�ǵġ���ɫ��Ĭ���ŶΣ�ÿ���˶�����һ�ڲ�ͬ���������Ϲٻ������³½����ǹ�������ζ����Ʈ������Ҳ��ֻ������ϫĳЩʱ�̵ı��ݻ����ܿ��ģ����⴩У�����ж�ѧ����Ⱥ���Ƕ��е㡶��Ѫ��У������˼��
���ӱ�                   ,5    ,2018-11-16 16:36:04,��Ӱ��Ϸ�絽��ɶʱ����飿
��ŵ�Jody.L              ,7    ,2018-11-16 14:30:44,���������Ҹβ���ඡ�����ϫ���������۶�ඡ������Բ��˵���˼����������û���壬��ÿ����������Ц���ϣ������ϲ������Ա��������Ӱ����һ�㡣�����⣬���������˭��Ƶģ�ȫƬ��Ƭβһ�����׸裬����������9�8��
��ӽ��Wayne�0�3          ,9    ,2018-11-19 11:42:08,���µĹ۸к������Ǻõģ���ϸ�����ﻹ�ǳ��ܶ����⣬�������⼸�껪���Ӱ�ô�ֵ�����ģʽ������չ������β�ϲ�����ɫ��ϵ����չ����������һЩ����ĳɳ��͹���������������У�����ϫ���˾ͳ��ݹ������������͵ĵ�Ӱ����Ƭ��Ȼ�۽�С����������;��꣬�籾������ʵ��һ����Ա�ı�����Ϊ��������ɫ��Ĭ�ͻĵ�Ԫ��Ҳ����õ����б����Ľ�����Ϣ��Ҳ������������������Ļ�����������޷����ӵ����ɣ���ɫ����������仯Ҳ����Ӳ��һ����2/3�����ڻ����������ȫò����1/3��ȫ��ǿ�д���ת�������۵��ɺϺͳ�ͻ���޷����Ƶ�ɿ���ת������Ӳק�����˴���ȫ��ǰ�θ��ѣ�Ȼ�����ȼ������ײ㼲���չ٣�ֻ��˵�����뷨����ǿִ�����������Ǻø�Ҳ�����ڴ�
��ɫȫζ                   ,2    ,2018-11-29 00:28:08,���aƬ���㲻�e�ˣ�Ȼ������̈́әC���g��ª֮̎���f���١�����ϫ�ݑ��ض�һ��·�ӣ����ɶ��N��У����X�����đ��ж�ã���һ���������^�u���݆T��
����һ                   ,5    ,2018-11-22 21:54:04,�����һ���£���ԭ���̵ò������ھ磬���һ��ɵ��Ƭ�����ɱ�ԭ�¡�
��������                ,4    ,2018-11-25 13:45:47,�������һ�������˰�
κС��                    ,3    ,2018-11-19 23:32:35,��ϲ���ݼ��ѣ����ﱥ������Ȼ�����β�е��ң������ǿ��úܹ�񫣬����Ϸ��
Tom                     ,6    ,2018-11-17 09:46:19,�������»�ǷȱЩ���������ϵ�������΢�е�򵥣�����е���æ���ҡ�
Ť����                   ,2    ,2018-11-25 18:13:02,�����ǲ�������С�ǣ������ǲ������Ĳзϡ�������������С�㡢Ƥ���ͣ�Ҳ���������ﻻ���˾���Ҳ�����Ժ��������ҥ��Ҳû�з������������룬Ҳ�����ۻ�������ҵ�һ��ʫ�������ϣ���ô���ǾͲ�����جج������֮������Σ�
�Ȼ                      ,1    ,2018-11-19 15:32:44,��ʵ�������Ļĵ���#�õľ籾���ǿ�����ÿ����Ա�����Σ����ݺã������⡣#
Ф��                     ,7    ,2018-11-20 18:41:11,�ŵ�Ͳ�˵�ˣ���ȱ��Ҳ�����԰���Ϊʲôÿ���˶��ڴ���У�����׼�Ĺ��ݷ�������������̶�����������ʹ�ù��ȣ�������Ңʮ��֮��Ȼ��һ����ô�õ�Ƭβ����������ӰҲ���У���֮����Ʒλ���ǣ���ͷ��β���ܳ���
��������                ,6    ,2018-11-27 00:50:55,���Ī����Ѫ��У...
PanС��                  ,2    ,2018-11-20 23:12:42,��Ԥ�ڵĺÿ������ҿ�����ֻ��3��ȱ����1�ǻ����ǿ���˵�Ӱ�У�����Ҳ����������ŵ㣩��2��֧�߾������������߾��𲻹���3�ǽ�β�����˾ۼ���һ���Ⱥ�ܵİ���̫���⡣��覲���褣����Ǻÿ�������Щ��覡����´������Ϸ��Ӱ��רҵ�Ĺ���Ҳ������ʶ���������̾һ�£���������Щ����δ��Ҳ̫�����ˡ������Ǿ�����Ƭ�ӳ����ˣ�ֵ�ð���������������ѿ���
������                  ,1    ,2018-11-23 15:06:31,1.�����翴�ģ���Ȼ��������һ�ο�������Ӱ�������ǡ�̩�塷�� 2.Ʒ���൱���ף��뵽ʮ����ǰ���Ƶġ�����ʯͷ�����������굼�ݵĳ����������Ƕ������£����Ǿ���ϲ�磬Ҳ�������Ϸ��ԡ� 3.����������ۣ����Խ��ó����뻯�������ڵ���ĻƲ����ý�ϣ���ܴ� 4.˵�������������ǽ������Ϸ֮�񣬹�����Ӱ�ڱ�ǰ����ȫ������ 5.���������ϫ���϶���ʱ������Ϊ����������ϫ�����ס�������������ϧ���ǡ���Ӱ������׸趼Զ���硶�����������ġ� 6.�ṹ���������ɺϣ�Ƭβ��Ȼ��������·���������Ը������ɸϵ���ɽ���ţ������߼���һ��������ͦ�ź��ġ� 7.������֮�����͡�����ʯͷ������Ҳһ��������8.3�֡�������ǰ�ߣ���֪�����ߵĽṹ�жྫ�
֣Сˢ�9�6                 ,4    ,2018-11-18 18:19:47,���ˡ����װ�������ϫ�ˣ�̨�ʹ����˵ã���������Ⱦ���Ƿ���������һ����ϲ������������Ҳ������ϣ������Ҫ���������������������С���ˣ�������ͦ�ã���һ��֧���е㹷Ѫ��һЩ��ڹ���Ϸ���ԣ���ֹ��ֹ�������覲���褡�����ϫһ�˾�ֵ��Ʊ�ۡ�
��                      ,5    ,2018-11-24 00:46:46,��ˣ�����أ������Ƥ����������Ĵ��������Ǳ�Ƭ����Ц�㡣Ȼ������Ŀ�ɬ��ˮǹ�ڱų�����������һ��������⧲����������º���Ϊ���ս�����ӵ���Ͳִ٣�ȺϷ�е���Ҽң����㻹���в��ٵģ���Ա�ݼ������ߡ�
m89                     ,7    ,2018-11-18 00:53:36,��Щʧ����Ңʮ���ĸ����漦���������������ҵ������ʡ�����־����÷��Ӻ�ĵڶ������ϴγɾ������磬��α���������ϫ����Ȼ����ѡ���˻��絼�ݷǳ���ϤҲ���Ƽ�Ԧ�����˴���ǹʽ�����½ṹ���ɸ��˵ĸо���ʮ��Ƿȱ˵�����͸�Ⱦ����С����ΪѰ�����϶�����һս������ʮ�����״򶯹��ڵ��趨����Ϊ��ƴ�����ĸ߳����䣬���������˹��µĽ���������ԡ�
��������                ,10   ,2018-11-10 21:14:35,���ʣ�����ϫ������Ķ�ײ���ƺ˱����������Ϸ��ÿһ�붼������޴�Ĵų����˵��۾�������ס������̨����ȥ����֮��������Ц�����ᣬ����ȴ���Ƕ��ӡ�С��������Ƥ������������������������������Ӫ�����Ũ�һĵ��У�˵�����ǹ����������Ѷ���ϷҲ�������֣�������ԣ�������֮�����Ƶ����ǽ��껪��Ƭ�е�һ����ĩ��ϲ��ӰƬ��һ����Ů���������ˡ�һ�����ζ����Ϊ����ı������ڶ�����Ե����һ����ǹ�ٰ����������������ˣ�������һ���ں�ɫ��Ĭ�ı���֮���̲ؿ̹�����Ĺ��¡���ЩС����ͬ���������Լ������롢���飬����Ҳ��һ����ƴ��ȫ������ƴ���������ڻ��Ȼ��������ԸΥ�������������ǵ����϶��ܿ��������Լ��Ĺ⣬���ֹ�â���������ϡ���
һ����һ��                ,3    ,2018-11-20 18:50:32,���ݻ�̫��Ц����������β̫�����ˣ�û��Ҫ�����û��Ҫ
����                    ,5    ,2018-11-19 22:00:33,�ܺÿ�������Ц���ᣬ��ɥ��ů�����˽�β�е����������ɶȱȽϸ��ˡ�����ϫ���Ǻ���Ա��һ���������Դ����ܶ��Ķ������ܶ�����ɫ����â��ȫ�ǹ������ˡ�
άѩ��                    ,6    ,2018-11-17 14:23:05,��籾����������2...ǰ��Ļͻأ�Ķ������¾��Ե�һ���ܱʣ�ֻ��Ϊ���ڵ���Ļ��۳�һ��������ǿ�ҵ�Ϸ��Ч���������û�ܲ���ʲô�𻨣���һ������Ĺ���Ҳ��û�ܽ�����������ȫƬ�۸С�
����                    ,3    ,2018-12-02 19:13:13,���߰��㣬��ƴӲ������������8.2...�Ѹ���ʵ��
���С��                  ,8    ,2018-11-16 23:02:16,���˴���ǹ��Ѱǹ��ȥ���̻��ر�ࡣЭ����ȱ�����ϵ����ǡ����ã���Ů�����ӣ�ʦͽ�����ȡ�����ϫҲ���˸衣
��΢��                   ,12   ,2018-11-08 22:28:49,����С����Ⱥ���ݳ������鲻��ÿ����ɫ���ܾ��ʣ����Ĺ�����Ц���ᣬ���Ǻ�ɫ��Ĭ�Ķ��лĵ�ϲ�����͡�С���������˿�����������������Ȼĵ��ֺ���Ķ��и����棬Ŀ���Ӱ���0�6�0�6
Paco                    ,3    ,2018-11-29 17:57:06,1.�ԡ������ڷ����ᴿ������������һͬ����Ʒ�ľ���ѿصú�׼ȷ��Ҳ���ܴ��˵�ԭ�����������û�������������ֵ�ñ�ϲ���ּ���2.��������һ�ֺ�����Ķ�����ǰ�����������ֵĸ���low���̹�ȥ�ˣ�������һ��ɤ��ѹ�������������һ������Ҳ�͵��ˡ����������ٷ�һ�顶Ϲ�ӡ���3.�Ϻ�ʯͷ��Ҳ��û���ģ���Ƭ�Ļ����ܰ�����⡶׷����Ҳ�������������Ͳ����������Ƶ����⣬������Ƥ�Ӻò���ʹ�����⡣Ҳ�ɲ���Ժܶ�����˵������Ա�͡��ù��¡�����һ��ӭ�Ӵ���͹��ˣ��õ�Ӱ�����¶���
����                    ,5    ,2018-11-20 22:19:44,�����������������ϵ�������Ϸ���ͻ�����ˣ��������˳�Ϸ�����ø����ع�Ķ������������Դ�ͷ̬��ͻȻ��ת�䶼ͦͻأ������С����ı����ԣ�Ҳ���ֵò����������Ի��ǵÿ����ﱳ���;�����У�����ֻ���ҡ�Ҳ���ŵ㣬����ɢ������ġ���������Ŀ��ԡ�����ϫ�����ھ����������ǳ������߷�������ˡ�
����й�                  ,4    ,2018-11-22 17:25:08,����ʹ���ڽٷ˲м�Ů����ī���ǵ��ĵĺܺÿ���Ҳ��׬�������ᣩ��Ƿծ��Ѱǹ�Ǳ߾͸����ˣ������һ�����ͷų�ͻ��ɿ���ʱ��ͱ��ˣ�����С�������޴����ŵĹ¶���ź��˿��������أ���ǰ�������µ����鲿����������Ӱ��
��ƶ�˵�O                 ,2    ,2018-11-27 22:29:20,���߳��е�ѹ�ֱ����ͺ�ɫ��Ĭ�Ŵ��������������浫��������֯��������Ū�����Ҿ�ͷ�ĵ�̫�ѿ��ˣ���droneҲ����ʹ
������                  ,2    ,2018-11-15 21:49:45,��Ӱ����Ԥ�ڣ���Ҫ��һ����������Աѡ���ر�á��½����������ڡ�һ�����ӡ��еı��ݷ�����ҡ�һ����Ǿ���ִ��!������ʲô��ʲô����Ƭ�˸��������Ľ�ɫ���������������ҩ���еĻ�ë��?����ϫϷ���٣������㹻չ��ʲô�н̿��鼶����ݼ������ݷǳ��в�Σ����컰�����Ƕ��濴̨�ʹ��ף�һ������ô�����˵Ļ�Ч���ǳ���!ȫ��Ц�������ҵĲ��֡����˺���ɰ�������������ҩͰ�������ͼ���������ԱҲ���ݼ����ߣ��ɾ��˾��ʵ�Ⱥ�񡣺õĵ�Ӱ��Ҫ�����������о�ϲ���������Ǿ��ʵĵط����������!
iriselite               ,3    ,2018-11-14 22:26:10,��󳬺�Ԥ�ڣ����»ĵ���Ĭ�������������壬��š��һ�ɡ������Ÿ��������һ�棬������㡣���ݵľ�ɫҲ�����ּ����ţ����޼�λ���ݵı��ݣ�ԭ������Ҳ������
�д�                     ,9    ,2018-11-20 10:48:07,���ӻ⣬�Ĳ���
����                    ,15   ,2018-11-14 21:54:15,�������벻���ľ�ϲ֮���������߰��Ž��ܣ������ų��жȣ���Ա��׶����ӳ�����õ��ݼ���������ǿ�������ߵĽ�����������ġ�������Ӱ��Ϊ�ĵ�ϲ�����ɶ��൱֮�ߣ������ǽ�β���׳�һ���߳��������������ϡ�ps ����Ҳ�����ǡ�
����                    ,4    ,2018-11-21 20:51:57,��Ԥ�ڵ�Ҫ�ã������к��ܴ��˵ĵط������Բ���֮��Ҳ�У���覲���褣��ǲ������Ƭ�ӡ�
�޻���                   ,12   ,2018-11-16 11:27:40,ͦ�õĹ��½ṹ�����������ܸ��������ֵ���������̫С�ˣ������۸������۰�
������                  ,3    ,2018-12-04 17:12:26,��Ӱ������������˶��£�С����С�㶼�������壬�����̾�Ǯ���˻���������ͦ���壬������ԭ�������ˡ���Ƭ���ѵ���Ӧ�������򷿵�һ�����������ֽ�𣿣�
fire                    ,3    ,2018-11-21 20:29:09,��ʼ��ͦ����˼�ģ�����Խ��Խ�ѿ��������Щɶ
����                    ,4    ,2018-11-22 13:50:35,�����������ͷ�������ܵ�ʱ�򣬻����������Ҳ�������Լ��������������ܣ�������һ˲�䣬�뵽�����ܵ��ٿ�Ҳ�ܲ������ˣ��������Խ��Խ�����������ۣ�ڤڤ�����ж�����
˿����                   ,2    ,2018-11-26 21:28:26,�ð�����ϫ
��ޱ��603                ,119  ,2018-11-14 22:41:46,�籾�������㣬����Ԥ�ںܶ࣬���������ǡ�ǰһ��Ц���ܼ������������£�С����������㣬�е���ʯͷ�ĸо�����һ����ɿ�鵫�����е�壬���ڽ�β�յĲ���Ц�д��ᡣ��Ա�ǳ����ʣ����������ڹ��ݻ�����������ϴ����ĳ���ʦ�����˷���ʱ̫��Ʋ���ʦ��
ɽ�˰��Բ�                 ,5    ,2018-11-18 01:14:58,�����ܶ�������µĺ�ɫϲ��籾���������Ϊ��ṹ����������У�������֮�����ѵõ��ǽ���������������ʵ������Ա�ӹ���ΰ�����������������̫���ˡ�ʧ���ǳ�Ϸ�ǳ������ȡ�
������                  ,2    ,2018-11-20 00:25:03,����û��̫�����������Ȼ�����˱���ȵ�ӰԺ���һ�ޡ�����Ц�ſ�����Ц�ˣ�ƵƵ���֡��㿴�Ǹ��˺���һ����Ŷ�������Ķ��䣬��Ű��ů�ֲ��ֺ�Ц�����飬��������������Ȼɿ���е��ͷ��Ҳ�е�̫�ֺ���ˣ�����Ա�ǳ�ţ�ƣ���ж��൱��ֿ����һ����������֮�������Ե�̫������ĵ�Ӱ������ԭ�����ˡ�����к��������ҽ�����졣������ϫ��ĳ��и�Ⱦ��������ʲô�������ܰ��Ҵ���ȥ����ֱ��ħ������������ſ��ϥͷ�Ǹ�С���������Ȯ�������а�����һЩ����кܿ����С������ˮ�У�Ҳ��Щ���˵ĵط�������˵�Ǹ�����̫ͻأ�˰�ι������Ķ���Ҳ�εúܣ������Բ������֣�Ҳ��ֻ�ܿ�һ��������𷴸����������Ƭ�ӣ����һ���ҪΪ��һ���ӵĻ��д����ʵ�ĸ����
��дд                    ,3    ,2018-11-25 16:36:54,�ǳ���ϧ���ܿ��ó���Ӧ���ĵĸ��á����ﶯ��Ƿ��ĥ������Ŀ����̫ǿ��ʧ��һЩ�߼���ϸ�ڲ�Բ�󡣶��������Ľ�֯���ĺܲ�öೡϷ�νӲ����������������á����������ϫ��������ã�����ƽƽ����ʱ�������˿�Ҳ��һ�����ѣ�ֻ��Ҫ�Ҹ�������������Ա�������֣���ɹ���һ�롣�������ܻ�ֲ����������Ǳ��߳����Ļ������Ķ�����
��С��Ӱ���迯              ,5    ,2018-11-19 00:09:16,����һƥ��ն�����û�л����Ŀ�˾��û��������������ף���Ȼ������������ֿ���Ц�������Ӱ������Ϸ��(�½�������ϫ������˱���)�����������ӵ�����������ʤ����Ҳ����ͷһ����Ժ�߹ۿ�ȫ���Ե�Ӱ(�����ҷֲ�̫����ݻ��Ĵ������컰��ɶ����)��С�����ϲŭ�������������ȣ�ÿһ����ͨ�˵�Ӱ�Ӷ�������~
���ɱ�                   ,2    ,2018-11-22 20:57:35,�����Ӱ����;��Ƿ��ԣ���ʱ�ó���ĨһĨ���������ĵ�Ӱ������˸���Թ�Ժ��̻��� ��Ȼ ��Ƭ����������Ӱ��
JoeyLu½����             ,3    ,2018-11-17 01:13:21,���ƴ��۸��ӣ���ʵ����һ�����ϡ�
�������޷�ľ��            ,7    ,2018-11-14 16:23:06,ǰ��һֱ�Ƚ��޸У�����Ϲ�ӡ�һ���ۿ������ʪ���ˣ�˵����Ϊʲô����������֡��������������Ĳ���˵�аɡ�ÿ��С�����ôҰ����ô���࣬��ͣ�������ˣ�������Ǹ��Լ������϶�������ǹ�ҾͲ���ӵ���㣬����ǹ�Ҿ�û�������㡣�������������ʲô�أ���������Ҫ������һ�Ĳ�ֵ���㿴����������̻�������������Ϊ˭�������أ���Ա�����巢�Ӷ��ܲ�����������ϫ��������ѣ���Ҳ��Ϊ��Ա�Ĺ�â�ǹ��˵��ݵ����������Ի������������ݵ�Ӱ�ӡ�
����ͬ��ĺͬ��             ,2    ,2018-11-24 23:14:22,Ц��Ц�žͿ��˿��ſ��ž�Ц�ˣ�һȺ��ײ��С����еĴ��еĻ��еľ����еı��飬��Ҷ������ϰ㹶�����棬������ٿ��������Լ���Ӱ�ӡ�����ÿ����Ա��̫���ˣ�����������ϫ������õ���֪����ô�䣬������ʵ������ȱ����Ա����Ȼ��β��Щй������Ӱ������һ�������ĵĺ���Ʒ��
ë�㹽                     ,5    ,2018-11-16 21:47:14,һ����Ӱ����е���Ա��������ʲô�����������ϫ��������������Ա����������һֱ�뿴��ȥ���뿴���³�Ϸ��Ҫ��ô�ݡ���ÿ���Ϸ�����������ڼҵ�����Ϸ����Щ����ͦͻأ�����һ��Ϸû���ƺã���覲���褰ɣ�����ҪΪ����֮���Ȳʡ�
Mumu                    ,4    ,2018-11-19 23:35:13,��Ѱǹ������������
������                  ,4    ,2018-11-21 23:11:25,���µ������������ݵ�С��˼���ͦ�ã�������Ƭ�ӵ��������ʸ��ر�ã��˱���Ҳ��������ϫ��Ϸһֱ�����Ǹ����⣬ɿ��̫�ͣ�̫ϲ��ͨ��̨�ʺͿ�Ϸ����Ⱦ���գ�������̨����Ա�����ԣ����ǲ��ã����϶�������á��½�����ʦ���������ʦ���������Ӱɡ�������˵ͦ�õģ�����ȱ��Ҳ�ǳ����ԣ�����ʹֲڡ�С�ɱ��ǿ��Խ���һ���ֵģ����ǽ��Ͳ���ȫ��������ʵ��̫���ˡ�������ʵ������������һ���ر𲻺õ����飺̫���ù��ڿޣ�̫��ɿ�飨����������ϫ���ϣ����������������ӰƬ��������
Doublebitch             ,3    ,2018-11-24 09:15:20,û������ϫʧ���ǳ�Ϸ�Ļ���ӰҲ��ֵ���ǰɣ�Ңʮ������Ҳ̫����������ֻ��㾲��
Զ��                     ,6    ,2018-11-30 08:42:43,�ؼҺ����سǿ��ĵ�һ����Ӱ��ӰԺ��ֻ���ĸ��ˡ�
����С����               ,2    ,2018-11-18 18:00:21,������������������ϫ�������˶��������ᣬ���档���Ǿ��ù��ݻ����Ĵ����������𣿔9�8
����                    ,0    ,2018-12-21 13:53:05,��̫ϲ�������״��ʵ����֣��Ͳ���ϸ��ĥ�Ľ�������ߣ���������ͦ����˼����λ���������������ǡ������ϣ����ֻ�ս��������֯�ĸо����������뵽���������������
Astro                   ,1    ,2018-11-23 22:23:48,��������ڹ��ڵĿڱ�һ���ã��ⲿ��ҩ���ûɶ�ɱ����ˡ����һ���ϲ���ⲿ������һ���֣�����������εĽ�ɫ�۾��ͱȻ�ë������ࣨ���˰��ϼ�����̫��Ӳ����ǰ������ͷ��Ϸ���ǿɰ�����Ȼ���ף��������ȵ����ڡ����ǽ�ְ�Բ���Ĳ�̫��Ȼ��
äæ                      ,8    ,2018-11-20 12:19:09,��̫��⵼����Ҫ����һ����ɫ��Ĭ��ͬʱ��Ц�����ֳ������Σ��������Ĺػ���������ƬԪ�ص���Ʒ�ˣ�������ÿ���˶�����������͡�����ó�����ѧ�˲��ٶ������ɽ�������Ĵ�ƴ�գ�ÿһ��С��С�־�����Ҽ�һ�������������ȱ�������Ʒ�����Ӣ�ۡ�Ҳ���˺ܶࡣΨһ������������ˣ���ÿ�ζ����˾�ϲ��
����˯�������            ,5    ,2018-11-18 14:31:26,�����Բ����ԣ��˺��˴ˣ��Կ����磬ֻ��Ϊ�˱�����������Ϊ�������˾������۵Ķ���������̤��
��������ͬѧ              ,3    ,2018-11-16 12:20:48,���ǵõ�һ�ο�����ã����ӣ�����ʱ����Ϊ�и��׷�һֱ�ڶ�������Call�����Բ����ڻ���Ϣ����������ֲ�������Ӱ������������������ỹû�ɣ��ͱ�����ί���ĵ��ݽ����ˡ���������ԭ��������Ƿǳ�������ڿ����й��ڵķ�Ӧ��ϣ�����ĵĹ�����Ӱ��Խ��Խ����˿�������δ����������ǿ����
ĩժ��                    ,6    ,2018-11-22 19:11:21,�ݼ��ɵ�ʤ���7�0�1�5
77                      ,3    ,2018-11-26 08:48:27,�籾̫ɵ�ˡ�Ӳ�ճ����Ĳ�Ʒ������һ��ʼ��Ц�������ϫ��֧�ߣ��������۾��黹�Ǹ�����ȫ�����ϸ񡣴�Ⱥ���ⳡ����������־綨���ԡ�ǿ��ƴ�յ�һ����ɺϣ������뵽�����˴���ǹ������ѧôѧ����ʵ�ڲ��������������ô��Ĵ��ⲿ��Ӱ�ÿ��ģ�����ô�����Ի�·
dellizheng              ,4    ,2018-11-15 01:46:45,ǰ������������־�������ʦ��С�����꣬������֮��������С�������һ��Բ�ΰɡ�����ν������ϡ�����������˶���Ѫˬ���������˿ڶ������ϣ����п�ɬ������һ˿˿������֪�������Σ�����Ը����������������
kylegun                 ,0    ,2018-11-25 13:16:07,Ħ�������������氮��Э��֮�Σ�Ѱ����Ʊ���̻������ǡ�������̨�ʺܲ�����������ϫȷʵ�ܼӷ֣������»�ͷ��β������������˸��¸߳������õ��������ǿ������һЩ��
Panda����Ӱ              ,2    ,2018-11-16 18:01:51,��һ����������Ķ��������¹�����Ӱ��ǰ��αȽϻĵ���Ĭ��Ȥ�����εĸ߳���β����š�ͣ���������Ϊ�ѵù���ƬҲ���л������û��ץ�������ƣ�����о�����Ϊ�˹������Э�ˣ�����Ա�Ǽ��幱�����ϼѵı��ݣ�����ϫ��������Ϊ��ϲ������̨�����Ƕ���о��ǰܱ�֮һ�����������������˺��ȣ������Ƕ�����̨�����������Բ���λ�������⣬��������ݵĸ�����Ů���ڳ��϶��ִ�ܲ��������ǶΣ�������ǰ���õĹ�����׹���¹ʡ����� ������֮������ˢ��ϣ�ȷ���ǡ���˫��֮�󿴹�����ϲ���Ļ����Ӱ�ˣ���Ȼ��Щ����֮��������Ȼֵ��ǿ���Ƽ���-2018.11.17
bookbug                 ,1    ,2018-11-27 11:01:58,�ĵ�������ĺ�ɫ��Ĭ�����޿������һ���߹�������Ժ�����һĨ��ɫ
�ͺ�����                 ,2    ,2018-11-24 20:50:51,���аɣ����ǰ룬��˵��ô�ҽ��쿴��������Ӱ����Ϸ����ô����
�ķ�����_                ,3    ,2018-11-22 20:49:02,�������²���˭�������õ� ǰ����֮һ�������� �����߶������ǲ�������� ʱ������ʱ������ ���ͳһ ʲôԪ�ض��� ʲô�ַ����� ��Ա���ݺ;��������������ⲿƬ ������
����                    ,6    ,2018-11-16 16:45:24,̫����
�������Ҳ�����           ,0    ,2018-11-25 08:43:57,���ݲ�������֮ǰ��������ʱ�ͳ����뿴�����ÿ϶��ǲ���Ƭ������ӳʱ����Ƭ���ٻ��ع󣬹���һ�����ڣ�ӰԺ��ʼ������Ƭ�ˣ�����Ǻõ�Ӱ�Ĵ�����������ϫ��������İ���¥������ů���ˡ��Ƽ�
�����·�˕0�0             ,5    ,2018-11-20 18:36:08,��Ϊ¿��ˮ������ʶ������ϫ���Ů��Ա���ݼ���ĺܺã��ⲿ��Ӱ�Ǻ��������ϲ���Ӱ����ֻ���ҿ���������Ц����Щ�ط�Ҳ�ܸ��ˣ���������Ц�ſ޵ĵ�Ӱ����ĺ��ѵ�
�޹�ի                    ,0    ,2018-12-09 18:59:51,���廹������Ц�ֿޣ����ֹ����趨������һ������Ƭ�����ˡ�ϣ���Ժ���Ļ���Լ�һ�����˴�Ϊ�������顱��
ɽ�º�����                ,8    ,2018-11-19 18:35:50,Ϊʲô��8102�˻��ܿ�����ô�������͵���Ʒ�أ������ٷ˰�����ϫ̧����̨һ��������һ�������˿��÷�ʽ��Ȧ���������ƵĹ��̲�������Ӳת�ۺ�ɿ���ڱ�Ƭ�ȱȽ��ǣ����˲�����Ա�ı��ݣ���������ϫ���½���������˾�ϲ֮�⣬�������籾�����ֳ��ֵ���ȫ��λ��̮�����Ⱳ�Ӷ���Ӧ������ʲô���ں������ˣ��е���������Ƭ��
����������              ,2    ,2018-11-22 05:43:27,ˣ����
��̫��                   ,4    ,2018-11-27 19:40:48,�ɺ��Ǻã������ö���ֻ��֤������������Ա�ݼ�û��˵��������ʽ��һЩϸ�ھ�ͷҲ�п�ȡ֮����������̨���գ����ַ��ų����ĸ裬���ͻ�䣬���Ĳ������ģ���̨�ϣ�ͻȻ������ֻ꣬Ϊ��Ⱦ�������Ե��ޱ�������ǿ�м������Ⱥ�ܣ��������㣻��Ҫ�����̫�࣬��ѡ�����ڶ�������ϵ�ߣ���ֱ����׸�����������ƣ�ͣ����Σ��ε�ֱ��ţ���һ�ηǳ������Ĺ�Ӱ��������ǰ������ã����ӣ���
����С��Lydia            ,6    ,2018-11-18 23:12:57,ţ�ƣ�����ϫ�������ڵ�Ʒ�ʱ�֤��ţ�ƣ����⣬�ṹ�����֣�ȫ��λ��ը����ô�õ�Ƭ����ô����Ƭ��̫��ϧ�ˣ����ǿ�ȥ��ӰԺ���ɣ�
�³��O                   ,3    ,2018-12-01 17:12:15,ÿ�������̫���͡�̫�뵱Ȼ�ˣ�������Щ�������籾������û�취��չ���ˣ�����֮��������·���ܱ�����������Ѿ�ͦ���ˡ����ԣ����Ǻܺÿ�����
��ѧ��                   ,4    ,2018-11-23 15:26:33,��һ��ɣ��ؼ��Ǵ���󡰴�ս����ʼ�ͱ��ˣ���󻹸������ǰ�������Ļ��ָ���low�����ġ�
Sain                    ,5    ,2018-12-01 16:36:08,��һ�ָ������Ĺ����ˡ���������Ĳ��ܿ��ֱɵ�һ��Ⱥ������£�ġ���磬������̨�ʶ��ܲ������ң����ֺ�ֲ�����˾�����������΢�ӳ��������Ϸ���ܿ��������Ǹ�ϲ�üд�˽����ȴ������ĵ��ݡ�ԭ���ҵ����ޣ������Ƭ���٣��������������ϯ�ض�������Ĳ���˼�飻ͬ���ǻ���������һ���ѵ����������CG�����˸��Ӹп���С͵���塷��ľ������ᡣ�й���ҵƬ���кܳ���·Ҫ�ߣ��������Թ��������벻Ҫ��������������
Spoiler                 ,2    ,2018-11-17 17:55:33,���Һγ���������֮��������ÿһ���˶����Ϊ�����ﲻ���𣿲������Ŀ�����ò������Ŀ����С����Ŀ��������û���ñ���һ�ֱ����ַ��ɣ���β�������Ϊ������ӰҲ�е㲻�ò����𴦴�Ҫ���ɫΰ������˭������ʥ�ˣ���ô���۸���ӰҲ�ܿ��������������ء������˱����ߣ�ÿ��������涼���и�˵����
����촽��                 ,5    ,2018-11-18 17:12:40,���߹��ˣ������������ں�������Ľ�β�Ե�������Ҫ��ǰ���ѹ�Ѿõ���ɥ�ں���ͻȻ�ĸ����ͷ�Ӫ��ķ���ֻ�����ǲ�ʹ������С�����Ե�˵�ϲŭ��������ڱ�û�����𣬱��Ͳ�Ӧ���컯����ɫ��Ĭ�ǽ��������޳��������Ǹ��뿪��������ϫ�ı��ݺܲ�����Ҳ���ܶ��һ�ǡ�
��ѹ��                   ,2    ,2018-12-02 01:08:39,��̨���Ͷ�֧MV����������£��������һ����������������������������ķ���.
�ſ��Ǹ���ζ��             ,0    ,2018-12-06 14:15:54,������ǰ�����Ǵ��ġ�
����                    ,1    ,2018-11-22 22:51:50,����˵���κ�һ�ִ���������̸��飬���Ǵ����Է���ʹ�࿪ʼ�ġ�����Ϊ�⡣ϲŭ���֣���ϲ�������ѵõĺ�Ƭ������ϫ�������ֱ�ˣ�һ������ݼ����ð�˹���ˡ�
ĳJ��624                 ,2    ,2018-11-20 23:18:32,���½ṹ���������Է����ȷ�������£�����������չ�������ù��ڱ��������Բ��ܶ౳�����ݺ������ϵ��������ϲ��������������ϫ�����������ߣ������������ſ�������ź�̺��ϥ����ע����������ر�ϲ����Ps��һ��ƴ������Э����Ϊ�Ļ���������������ſ��Ϲ���Աһ�����ڻ����϶���˼����Ƽ�û�����Ų������ö���ְλ������������㻹����ӳ�͹��ˡ�
���涹��                  ,3    ,2018-11-09 17:32:07,������Ա�ع�Ƭ����Ȼһֱ�ڿ���ǿ�����ұ�ƽ���������Եײ㡭������ô�����١���벿�ݸ��Ǳ��ˣ���֪������Щʲô������������������ղ�û���γ�һ������㡣һ�����顣
����                    ,1    ,2018-11-17 20:31:55,������������Ŭ��������η���������ʵ���Ρ����첻����ã�����Ҳ���ᷭƪ�����������������û���漣Ҳû����ν�������ֻ��Ū�˵��컯�����������Ц���̻���Щ���µ�ţ�ƶ����������ʱ��Ѽ�Ӱ����Ӳ����Щ���µ�ŵ�Զ��������̵�����������Ǻ�ˡ���������һ����Ϸ��
Miss power              ,3    ,2018-11-17 18:10:17,�����ģ����������ʦ�����ҽ�����
�Զ�                     ,2    ,2018-11-20 23:39:27,����һ���������������ĵ�1818�ƽ��ۣ���Щ��Ц�Ĵ����ǰ�����Ū���ˡ�
��������������          ,0    ,2018-11-25 20:23:39,���Ǿ�ϲ����Ȼ��Щ�ֲڶ���Ҳ��覴ã�������̫�ḻ������Ҳ����λ������Ϸ������֮���������������ſɹ�����Աѡ��̫�ã�ȺϷ�����֣���������ô��ֿھ�Ȼû����ͦ����ģ���������̫ˬ��
Morning                 ,2    ,2018-11-26 09:53:10,�籾����·���ͱ��ݵ��ص㶼���ơ���Ա�ĵ���������֮��׿��������װ�����͹������ĵ�Ӱ�߼���һ���ģ�ϸ�ڿ�������ʧ�棬���޷��ݽ�������Ļ����������������⣬���ȥ��һ�������ϵĻ���㡣����ϫ����Ϫ��������һ�������⣬��ֻ�Ͽ����Ǳ����ϵı��������������Ľ�ɫ��������Ҫ�ݼ�������ʵ�Ƕ������Ǳ������ʵ����á������ɫ����ǿ���������ƣ�������ĵ��߽�ɫҪ���ݣ������Ը������ණ���������ݸ����˸�����̨����������Ķ԰׶���ͬ��λͬ�����ҿ��Ŷ������ġ�
�ܟ���                   ,31   ,2018-12-10 20:43:50,2018��ɫ��Ĭ���µ䷶���ⲿ��Ӱ��Ȼ��������������̻�������������һ���ܸ��ܵ�����ʲô�ط����þ����������ڵ�������һ��һ�������г�������������������ϸ񵫲���������Ʒ���ڣ���ĳ�̶ֳ�����˵�������ջ񵽵�����Ҳ�Ǻ���ġ�����ϣ���й��������Ӱ����ˣ�����ֹ�ڴˡ�
����Ӧ��                 ,7    ,2018-11-10 14:53:57,Ц���ˣ������˼������ᡣ��ɫ��Ĭ��Ķ������¹��£��۽�С���ﹶ���ֹ�Ѫ����������Ա���ݾ��ʾ������ؼӷ֡���ϸ������Ա��û��һ����Ϲ�Ӿ籾�ģ�һ���Ǿ籾�������ǣ�����
ˮ����������             ,2    ,2018-11-25 10:50:38,�����������履��������覲���褣�ͦ�õġ�
�´���                   ,5    ,2018-11-16 21:22:04,������ʱ��è�۵�����ȥ��Ӱ�ģ���è��ƽ̨����10�֣��൱�ڶ����5�����֣��Ͼ�����ѹ�Ӱ���ø��˼����ӡ����ڶ�����ֻ��3�֣���Ӱͨ��һ�λĵ����������ٹ������룬��������ͨ�˰������Ĺ��£���Ц���ᡣ���ǿ�в�������Ѷ΢�ӵĹ�档
�����                   ,2    ,2018-11-16 22:00:48,������û�к��˵ĵ�Ӱ��ҲӦ��ϲ������û�л��˵ĵ�Ӱ����̥��Ϸ����̨������־�Ĺ������Ե����棬���ѡ�������Ե����棬���ֵ���Ȼ��ţ��������Ϸ���֯�����������ǵ�Ӱ��ĸ�⣬��������ÿһ����������⣬ÿ���˶���˵���Լ��Ĵ�������ɢ����������Ȼ���Ѽǵ����ǵ����֣�ֻ�ǵ�ÿһ������֮���������Ը����ص㣬���ǵ��ݵĸ���֮�����ܾò�������������ĵ�ȥ���С����Ϊ�ı����Ĺ����ˣ���������ǲܱ�ƽ�ġ�׷����Ҳ�����������������������ʱ�����ѵ��ˣ���Ϊ���������������Ե������ڵ���רҵ�ȶ��ԣ���ȻĳЩ̨�ʡ��Ŷ�Ƿ�ѣ���ȴ�޷���֤��Ӱ��ʦ���������������˵�λ��С����ϲ�硣�������ľ籾�ͱ��ݣ����������˸��˵Ļ������ʮ�ѣ�ǰ�꡶��ã����ӡ�Ҳƾ��ţ�Ƶľ籾������ı�����ѡ���Լ������ʮ�ѣ��ڴ˿�ʼ��Ŀ����־��
booboodaddy             ,4    ,2018-11-20 12:41:49,����
С��                     ,8    ,2018-11-16 18:43:32,�����߱�׾�ض��������վ����߼���ͨ��������ȥ��
��С�ﰡ��                 ,3    ,2018-12-10 14:06:58,����ϫ�Ľ�ɫ������ȥ�ȽϺã��Ҹ�Ը�������۾��ͼ����Ա˴˵ĸ����������ͬ�飬�����ǰ��飬���鲻������һ�У��������������ϣ���������Ҹ�ϲ����������֮ǰ���Ľ�֡�������ϼ�õ�ǿ��ϴ�׺����Ρ�����֮�⻹�����ˡ�
����Lazzaro             ,2    ,2018-11-16 20:07:34,��λ�ı��ݶ��õģ���ɫ��Ĭ��Ч�����κ��¶������ﵽ�ˣ���������˵���ϵͻ�ԣ��µĽ�ɫҲΪ����ȺϷ��ͻ�������ߣ������º�̨����Ƹг��֣���Ϸ��ͬ����ʽ��ȺϷ����ʧ�ر���ճɾ�������Ƭ���ࡣ
ʧ��Ļ���                 ,1    ,2018-11-21 22:58:27,��Щ����΢�������С����������Ǳ���Ҳ�е��߰�����Ϻͼ�֣�����֮��Ҳ��Ӣ���ұ�������ķ��е������ؼҵ�·���㳤�����źܺá�
���Ռ�                   ,0    ,2018-12-01 23:51:44,���γ���Ԥ�ڣ����ݵ����շ����磬���������µĽ������յĺܺã����½���Ҳ�ܺã�����ϫ�����е�ʧ����������Ϊ�������ݵĸ��ã�����ǰ�벿�����Ǽ������۷���ʵ�ڰ��������ڹ�͵�̫���ڱ��档����о������������˴���ǹ����Ӱ������ֵ���ǵģ��ټ�һ�����Ǹ�������Ӱ�Ĺ�����
LoVe                    ,0    ,2018-11-21 14:14:55,����̨��д�ĺ���������ݻ����ޡ�
Ǿޱ��÷                   ,3    ,2018-11-17 13:19:30,�о���Щ��ɫ�Գ½�������ϫ��˵��̫�����ˣ�����Ϸ�����������䳳�Ĳ��У����׷��Ը費��9�1��
������                  ,6    ,2018-11-17 19:50:38,�����̻���Ѥ�ã������̻�����ݡ�
fallingraining          ,0    ,2018-11-25 21:33:10,��̨�ǳ�Ϸ���ˣ�ϲ�硢���硢�ĵ���̣����顢���顢���鹲�档����ʯͷ֮����õĶ�����ϲ���ˡ�
SydneyCarton            ,4    ,2018-11-17 20:17:12,����ͦ�ÿ��ģ�����ϫ�Ǹ�����Ա��
mumudancing             ,2    ,2018-11-23 11:01:13,����ϫ����������ȫ��Ϸ��
Y                      ,2    ,2018-12-12 19:08:06,һ���������ɺ������֮�ϵĹ��ڡ����ϡ��͡����ӡ��Ĺ��£����Զ������£����Ϻܴ���ͨ���ڵĵ���Ļ�ͽ�βС�������ټ���ӰƬ�ǳ�������������ڣ�������ΪʲôƬ���ܹ��ڱ�Ʊ��˫���ա���ֲ��ֻ����ѿӶ����ˣ�ϸ�ں�Ӧ����Ҳ���ԣ�����̫�����⣬��������Ժ��㣬����ϸ�ĵ�����Ļ�ϵ�ʱ���������Щ�������׵�Ӱ�������µĹ��ڣ������ڽ�β�������߳���ʼ��Ƭβ���һ����������ͷǰ�����ѻ�����С��һ��㣬���Ե����ֺ�͹�Գ�����һĻ������! Ƭ�ӵ�����������ǵ��ݱ�������������ˡ�����Ա��۳�Ϊ�˴������Ļ��⣬����ʵ�õĵ�Ӱ��Ʒ������˲�����ֻ�Ǵ�ұ����ݼ�����������˫��̫���ˡ�
��С��                   ,3    ,2018-11-25 09:27:05,̫�����ˣ������ǽ�����Ļ���ҿ�����ϲ���Ĺ����ˡ������̫�࣬����ÿһ����ɫ���зǳ����ҵ�Ϸ�ݣ�����ӰԺ�Ժ���Ҳ�е㡰���������������������־��ã������ƺ���ӰƬ���ʵİ�������Щ̫�����ˡ������ĺ�ɫϲ���ζ���ڽ��뵽�ڶ�Ļ��������������ƹ������һĻǿ����£�����������Ǹɴ��ݳ�������ϲ�磬ɲ��ס����ϴ����ͽ⡣��Ī������ѧ������ʱ�ĵ��ȣ�����+��ʱ��Ӱ�����������ĳ�����ʽ���ľ��ζ��������Ƭ��ÿһ����������㣬����һ��ȴ���Ҿ��÷ǳ����ѣ��ֲڵĵ���Ҳû����Э�����·��仯�����á��ұ�Ӧ����������Ȳ����̨�������Ӱ��Ƭ�ӵģ����������ʵ��̫����ϲ���ˣ�ʵ���е�����᲻������
Ӱ������                 ,1    ,2018-11-26 18:43:37,һ�ѱ���һ�ќI                                                                                                                                                                                                                                                                                                                                                                                                                                                                                                                                                               ,���x������   ,���@��Ƭ�����㽭,�mȻ����һ��9�c��,�B���^��ֻ�� 7����,�����S�ڶ���߀�ǺܸЄ�,��ɽ�����˱�ȥ���c,�F�ݲ��ֵ�Ҫ���󔵓��^,�؏��SͶ����,���������S,���R�ĵڶ�λ�����Ķ�������,һ���ֵ�.  �����ݼ���������,�ÿ�����.....��С�㑪�Ĕ{���Ů���_ʼ.....����S�r�{��ֻ�R.....
Clyde                   ,0    ,2018-12-08 12:25:00,�ȡ���ã����ӡ�ǿ���ȿ����黨�ÿ���Ҳ�Σ�����ͬ��ϲ���У�������ε��ˡ�����ɢ��ǹ�����ϵ�����ɫ�������Ҳ���е�ģ����ƬβͼƬ��������ʵ���Ժ��ԣ���Ȼ�ò����Ű�����������ʵ��ɥ��ů֮�䡣
���Ե�                   ,2    ,2018-12-01 11:37:48,����֧�߻���һ�����������ڶ�����һ������ʱ��ǳ����ʣ����ֽӵ�����ɫ��Ĭ��ӰƬ����һ��ɣ���������ķ��Ժ����״�ƫ�˵ģ�ͬ������!!!ÿ���˵��ݼ����ǳ��ޣ�����������ϫ��̫���˰ɣ�����ӰƬ�������ˣ�����Ц�����ᣬ���ﻹůů�ġ�
Anna                    ,5    ,2018-11-28 13:29:24,�ⲿ�ܴ���ô�߷�....ֻ��˵�����ڶ��й���Ӱ�ı�׼Ҫ��̫���ˡ���
Virgil                  ,2    ,2018-11-21 19:42:29,�������˸��ٷ˰�����û��ô�㣬������û������ô�á����̫Զ��ûζ����ѧ����Ⱥ��Ц����������Ƭ�Ĺ��ƻ�ϲ������
һЦ����                  ,3    ,2018-11-19 13:16:22,������
������                  ,3    ,2018-11-18 16:38:20,ǰ��һ��붼�ܺã�����βй�������е��ź������ö�ҩ�������װ�
������ŮС�۽�             ,0    ,2018-12-01 18:27:34,�ͺ������Ϊɶ��𡣵���������к�ĳЩ�߼����Ť��ϲ�����ݻ���ϲ��������ʦ����������ϲ������ĸ衭����̫����
��֯�ϵ�                  ,2    ,2018-11-18 19:57:58,��ĺܲ��ÿ��������кܴ���߼����⣬����ȺϷ�����������Բ����������κ�һ���ߵĹ��¶�û����ã�����ǿ�и����߽�����һ�𣬺ܲ��������Ӱ�����ĺֲܴڣ��ر������֣�һ�㶼��������ǽ�β�ģ���������Υ�͡�
���ײ���������           ,3    ,2018-11-21 01:59:56,8.4���Ǵ��������ʵ������ˣ�����֮�������������Լ���������Ի��ţ�������ȥ��ֻ������֮�������Ƕ����ǳ������̻��µĹ��������Ǿ�����������ͷ��β��ֻ��ƽ�����档����ֻ������֮�������й���Ӱ��һ����ʱ������Ҫ�����ˡ���
Harrymovie              ,2    ,2018-11-21 05:58:35,��β��Ϊ�˹����İɣ��ܵ���˵ǰ�治��С����������������������һ������Ƭ
�̰Ž�                    ,1    ,2018-12-10 19:49:27,��Ӱǰ�������ǡ�С���֮��ϲ�硱��ʵ�򲻽�������д��С���������������֮����ɵ�ܿܿ�����С���Ͷ��·��С�����Ҳ��û���úܺ�Ц��������һ�����������Ļ���������֮����������������ϳ�������֮��������������Ҳ��û�����ں���ÿһ�����ң�����Ŭ��ά���ű��˿������������ض��Լ�ǿ������Ŀ��������ϣ�����һЩ���˿��������Լ�������ţ�Ƶ��¶������ид���һ����ڣ��۾�������ѱ���ը�����ǹ����ʧ�����ˣ�����������̻�Ѥ���������߻�Ĵ����������˵Ŀ�ȴ���˾����־�֮�˵ľͷ���ӰƬ���������Һ������ɽ���ŵ�ħ�ø߳���Щʧ�أ�����覲���褣��ⲿ��Ӱ��ȥ��ġ�¿��ˮ��һ�������ɱ���������ҵ���ȹ������֮һ������ϫ�ӽ�����������ҹ���Ʊ��������ʯ�ˡ�
Bigè��ʳ��               ,3    ,2018-11-17 17:26:35,����ĺã���Ц�ֿޣ�
����                    ,0    ,2018-12-03 16:41:34,��������̱��Ů���������ֻ������������Σ���������̨�ֵ����Jɿ�����Ǹ����ʺ��Ƕβ�������̫�����ˣ���Ա����������β����Ϊ�˹��󣬱��ˣ���ʵ���Ը��ã�����ɫ��
���־�                   ,0    ,2018-11-19 20:08:57,������û�˿������������ҿ�һ�¡�
���˽��                  ,0    ,2018-12-06 19:20:23,����ϫ������Ϸ��ϲ����Ϊ����Ĺ�����˿��������Ϸ�Ӱ�Ľ�β̫����JC��Ҫ�����������ϳ���Ū���ɺ�̫��·�ˣ�����������Ӱ������Ҫ��ĥ�;�Ʒ��ʶ�����ܢپ��˾ͷ��԰ɣ�
���������               ,2    ,2018-11-20 18:54:38,������ʵ����ˣ�����Ϊ����Ǻܸɴ��ɫϲ�磬������ɿ�顣��ô�򵥵������ߣ�������ô�����������Ҳ�Ǻ����ģ��һ���ϲ�������˴���ǹ�����֡�
������������            ,0    ,2018-12-12 19:05:15,����תתȦȦ������һ������ͬ����������ζ��������ǡ�����Ҫ����ඣ�֮ǧ����������ϣ����ڰͰ�����ô�Ŷ��
��ʵ���ʻ�Ŭ˹              ,2    ,2018-11-22 10:40:54,���ǰ룬��ȱ�㶼�����Եĵ�Ӱ����̨��̫ǿ��ʹ��С�������������˸�ȱ���˲�ɣ����ʵ�С��ŵ�����Ա���ݲ���������������������������°�ÿ���ߵĽ�ִ���û��������ֲ����ıȽ��ѵá�
����Ұ�ϴ����             ,4    ,2018-11-20 08:35:08,�½��������ϫ���նԻ�һ����ѣ���������������������㣬֪��������������Ч��û��
���е���ѻ                ,0    ,2018-11-28 22:24:24,20181128����Ӱ��...���а��е���·����ɫ��æ�µ� ���� ��������ƽ�����ͷ��˵һ���㳯�Ż�ɫ��ȥ��ס��������㿪ʼ�����ȴ�.��ʵ���Ƕ�������֮�� �ڳ���������Ѱ��һ˿��ο
������                  ,0    ,2018-11-22 01:11:07,����ĵ�һ�о�������������һ����̫һ���ĵ�Ӱ����#��ë����������Ҳ�ǲ�����
ŷʯ�                     ,1    ,2018-11-17 19:07:44,�������������úܷ����������ݼ����ܵ�λ��
touya                   ,0    ,2018-11-21 19:44:55,��Ƭ�й�Ұ�����͵�������ÿ���˶�Ŭ�ž����ں�����Կ�����ʹÿ����������Ȼû�߳����������Ȧ����ȺŹ��ǹ�Ӷ������������桭�������Ƕ���˻���ߵı����Լ���������һ�죬ȥӭ��Ҳ�����һЩ��δ�������������д���������������ø������Ǵ������ĳ���������ô�ж������Ҳ�����Ѫ��~����ſ������ϫϥ�Ͽ���ȥ������̫�����ˣ��������Եĺ���Ա��
��С��                   ,4    ,2018-11-26 12:01:40,��ʵ��β���Գ��ױ���ͺ��ˣ���β�����ЩС��Ļ����Ϊ�˹����𣿶�����֮�Է��˻������𣿻�Ҫ����ǿ�������������˱����ݵ��Ǹ���˿�к����İ��İ�Ħ����ǣ�ֱ����ӳ�������Ƭ�̣��Ѿ������������ˣ�����Ϊ�˶���Ҳֵ�ˡ�����˵���ǻ���һ���Ҹ��Ľ�֣���ô�����ء���
19��                    ,13   ,2018-11-17 16:46:38,��ǰ���Сʱ��Ϊ�Ǹ����ǵ�Ƭ�ӣ���BGM������Ժ�Ϳ�ʼ���ˡ�
�7�8                    ,1    ,2018-11-25 13:22:01,�۾��ı뺷�д���һ˿��ų����ͷΪ��ϼ��ʲô�����Ըɣ�������һ���൱���죬��Ϊ��һֱŬ���ţ���������������ϣ����嶯����������ӱ���ˣ����ڳ����á����������������˵�ġ��ܶ�Ƭ�δ���ò���������̨���ա���ǽ�Ի�������ȺϷ�Ǹ߳�������Ҳ�ܽ��ա��̻��ų�������һ�̣�������һ���ͷŰɡ����ִ�λ��żȻ�������̿����������ݵ�ɽˮҲ���еط���ɫ���������˸��д���С�ÿ���˶�������֮����ÿ���˶���Ŭ���ػ��ţ�����Ц�Ż���ȥ����Ϊ������������
Ȯϵ��Ů������             ,2    ,2018-11-19 18:08:16,ǰ������Ц��������ϫ������һ�����Ҿ�Цɵ�ˣ���������Ϊ��ʧȥ���ϵ���Ļ�ı������ˣ�������ԱҲ�ð������Ƥ�غ��ԸУ�����Ψһ�ĵ��ĵ��ǽ����������Ҹ㲻��һ���ھ��ǹ��ݻ���
��                      ,3    ,2018-11-16 20:26:57,���������Σ�ʲôҲ����˵��
���亮                    ,3    ,2018-11-16 19:11:51,��Ϊʲô�����ţ�������Ϊ·�ߵ���ͷ����������Ҳ��·�����ں������·������Ӱ�����Ը���������Ⱳ��ʣ�µ��š���������ϫ�����������ʵ�ش��ˣ����ں���̨ϷЦ�д��ỹ�е�ů���Ǹ��ŶԻ������ã�Ϊ�˱����˴˶�����ȭ������ĸ��ӣ������ֱ������������ˣ��Ȼ�����ӵ���ĸ�Ů��˭��������֮������ʵ�Ǽž��ĺڰ�����ÿ���˶��ڵȴ�������δ������β���ü����̻�о��ȡ�С͵���塷�￴�������̻������˵�����ı��ˡ�PS.�����ڹ��ݣ�ѡ�������Ңʮ���ĸ�Ҳ�������ˣ�������һ�죬��Ϲ�ӡ�Ҳ�ܸ��ܵ����⡱��~
Alexa                   ,3    ,2018-11-22 01:31:33,���ݾ�ͷ���Բ����أ�����ͱ�����ô�����ˡ���ͷ��׷��Ƭ�κ����Ĵ�Ƭ��������ģ�����ѡ����Ϊ��������ѡ���Ȼ����ϫ�Ĺ��ݻ�Ҳ����׼�����½�����������֣����˷ַ�����Ϸ��������Ӱ��Ϊ��ȡ�������ٷ�������ϫ�Ķ���Ϸ����������Ϸ�ݣ�������̨ϷӦ��Ҳ������ϵģ����ݱȽ��ó�����ֱ�ӣ���Ϊ��ϡ�
�Ϲ�����                 ,1    ,2018-11-23 22:09:22,Ҫ�ռ��������������ĵ�Ӱ
Bi��ngBi��ng��          ,2    ,2018-11-16 21:44:46,�ζӳ����������£���������ë����ϫ���һ�����������������أ�������ʲô���ã������Ľ�����Ů�������أ���������ŭ��ʮ�鳤�Ӳ��������ִ��
����                    ,2    ,2018-11-19 20:37:29,Ƭͷ5���ӻ�����Ȥ���̶��������ȣ��̶�������ɳ���ֳ�������ͻ��������õ�������λ�ı���Ҳ�ǿ�Ȧ�ɵ㣬�����˾������·�/�뷨��Ȼ�����������ټ������������¡����չ��¡��������������ⲿƬ����Ȼ�ǳ��š�����ʯͷ����ҹ���꡷������ͬ�Ρ����������̡�������͵����ƭ�������˴���ǹ��ȥ�ģ�Ȼ������Ч���ĳ��ˡ����Ӣ�ۡ�������İѿز��㣬ϸ�ڴ�ĥҲ�Ǵֲڵúܡ����۾���Ӣ�������bra������˵cobra�ɣ��������л�ʮ�ּ��Ⱥ��޴�Ϣ��ӰƬ�жξ�¶���˸������е���ͼ������Ҳ��Ը�����˸ж����ӻ⣻���ǵ�����ɫ�Ĵ��ڣ��ⲿ��Ӱ��ֵ������ģ��ǵ��ݵ���Э�����ɡ����У���Ҫ��ˢһ�顶¿��ˮ������ⶾ������������ϫ��ֵ��a��
��������                ,2    ,2018-11-21 21:32:41,�������е�����֮������󶼻���Ǳ��������������ˣ�һ���ֶ���ա������ڵ�ӰԺ�����꣬�����ڿ��Լ�������һ�����ⲻ����������
��������                ,1    ,2018-12-01 08:50:15,�ұ������������������С�
Eco                     ,0    ,2018-12-05 20:27:18,����С�����Ӱ������һ���µĵ�Ӱ����ѧ����������ɲ�����������������������Ҫ����Ҫ�����ܿ���Ц������ɿ�飬�Թ��ڵ����ʵ�о�׼���������˵���ڹ�����ô�ú�����С�ɱ�С����С����С���ݣ����조�ڱ�����Ʊ����һ���µĵ�Ӱ����ѧ����ֵ֪�����У���ֵ���о���ҩ����Ļ�ë����˹���ͷ����һ������е��ס���Ӱ������֮�������ǰ�������˼��⡣
����                    ,2    ,2018-12-15 00:33:17,һ��Ц�д���ĵ�Ӱ��ÿһ������ƽ������΢�����������֮�������и��Բ�Ϊ��֪�ı�ϲ���֣���ʹ���ȵ������Ҳ����̧ͷ����ҹ��������Ѥ�õ��̻�����Ҳ��ʢ�������������                                                                                                                                                                                                                                                                                                                                                                                                                                        ,������ת˲���š�
xslidian                ,8    ,2018-11-16 00:20:02,��������Ƭ��£ �������ݼ�ը���е�Բ���������Ա ���������Ͷ��Բ�׼ ����������ͨ�� ����ϫֻ�Ǳ����ɰװٺε����Ʒ ���С����
����ɼľ��                ,2    ,2018-11-25 14:57:04,���������ˣŪ�����ܷ������ϵػ���ȥ���˾��Ǻܱ�Ť����Ը���ϴ�������Ը�ҿ��˰̡���Ը��Ը��飬���Թ����־����ֳ��أ�����ʵ̹Ȼ�ؽ����Լ��ĺ��뻵����ʵ�ر�����ĵı���ϲ��Ҳ�������ָ����ɡ�������Ȥ�����ǽ���Ƿ�ѡ����ݳ�ɫ������������˧��
ѩ                       ,0    ,2018-12-05 08:22:30,����̫��Ƥ������Ⱥ��Ա
��ɽ                     ,2    ,2018-11-18 19:59:07,��β���Բ���������ȷʵ�Ǻÿ���Ƭ�ӣ���ϧƱ����ô�͡�һ������Ƭ����г���һ�ߺ���������ӳ�ĺ�Ƭ�����ѵ����������
sTill-Life              ,2    ,2018-11-18 18:58:23,ȫ����ĵ��Ľ�ɫ���������ݵ��۾�������ʵ�ǳ���ʵ�����ҳɳ��ĵط���������������ˣ����ǰ�������������ȥ��Զ�ġ������롱������ߣ���һ��ձ��º����Ե���Ѫ���׸���������һ���޴��Ľ���������˵ĳ�Ц��û���˻������֪�ߵ��������Ѫ�����䵽ÿ���˵����ģ������ȷ���Լ�������֪����������ֵ���ȷ������һ��Ц����ӰƬѡ�ó����ġ��⡷��Ңʮ���ġ�Ϲ�ӡ����Ҹе����⣬ͬʱҲ���ú��/ 11.17
daangel                 ,0    ,2018-11-20 09:49:31,��ׯ��г���Ѱ��գ��ѵõ��ǿ�ǰ�Ĺ�עÿ�����
Ring                    ,1    ,2018-11-21 22:28:32,�ṹС���� ȷʵ����̨��� ��Ц�ֿ޻��Ǻܶ��˵� ��Ա�Ƕ��ܺÔ9�1 �������ֶ��ú��� ���䰲����Ңʮ���ġ�Ϲ�ӡ����ݷ�����ҥ��һ�����ݷ��Ծ����ر������
�̲˰��ϴ�                 ,3    ,2018-11-20 10:41:38,��ͷ̫�ڣ�ǰ���ܶ�ס�����һ�����Ҳ��ű��ˡ������ǡ�����������Ӱ����ͨ�����ñ������˺���Ա��λ��ǮҲ��ȱ�ˣ�������������ô���ˡ�������ϫ��̫�����ˣ���������̫��ó�ȥ�ˡ���(���������̣�Ңʮ������ܲ��ˡ�
������                  ,3    ,2018-11-26 19:43:11,����һ�������ĵ�Ӱ���������²��ǰѼ��������߼�����һ��Ϳ��ԣ�����Ҫ���һ�����¡���������Ȼֻ�ܳ��������Ľṹ��û�м�Ԧ��������ȫƬ�ҳ�ɸ�ӡ�ֻ�б����Ǽ���ģ���������Ͷ�������ȫ����Ա�⻷���ţ������ɺϵĿ��Ŷ��ж�;Ͳ���˵�ˣ�����Ҳ��ֱ�¶�˵��ݶԾ�ͷ���ƿ�������ԶԶ���ܺ͡�����ʯͷ�����Ტ�ۡ�
С���Ե�С��               ,4    ,2018-11-19 00:07:27,����ѧ��͡����ѧ����ɶ
leslie                  ,3    ,2018-11-26 14:02:01,������һ�ж�ƽӹ��������Ա�������ͣ������ֳ����ܲ�Ĺ�Ӱ����
ˮ��                     ,2    ,2018-11-18 04:46:26,��¿��ˮ���񣬱�������Ļĵ�ϲ�硣��Щ���ֺܴ��ˣ�����������߱Ƚ�ƽӹ������ϫ�ı�����¿��ˮ�ͼ�ʶ���ˣ����ά��ԭ��ˮƽû�й��ྪϲ
ɵ�ֵ�è                   ,0    ,2018-12-09 20:12:08,���ݻ��Ĵ���ɵɵ�ֲ��塣�½���ģ�·��Ի�����ſ����̨���ˡ�
����̽�A˹��             ,1    ,2018-11-21 15:38:32,���ѵ�Ӱ���������µķ���ϲ�翴�Ļ�����ʵҲ�������ж������£���ԶԶ̸���Ͼ��£�ϲ��Ԫ��Ҳֻ�ǵ�׺��������ģ�Ҳֻ��Ϊ��ͻ��С��������������ᡣ�͵��Ƿ�������ߵ��Դ�����Ĺ��¿��ͺá�ƫִ��С���Ҳ��ƫִ�Ŀɰ��������ʵ�����������Ļ��������������ġ�����ϫ������ı��ݼ��ѣ��ʹ��˵�����Ϸ��Ц�����ˣ�ϣ�����и��������Ĺ���Ƭ��
��˹��                   ,3    ,2018-11-21 00:39:33,����ϫ������������ȷʵ������Ȼ����ϫ�����ǹ���drama�ı��ݵ�����������趨�¸о���һЩ���������ĳ��ֺͱ��ֶ����Ҿ��ȣ��ⲻ�Ƕ���ʱ�ڽ̻ᳪ�����Ĺ����𣿱��Ҫд��ͨ�˵����ϣ�����Ϸ����̨���ܵ���һЩ����Ļ������������ͳһ�����ڵ�Ӱ��˵������������ʧ���ˡ�������ºõĵط�����Դ��Ϸ��ģ����õĲ���ȷʵ�ǵ��ݲ����ģ��������Ͷ��Բ������ּ���ʧ���Ե�̫ҵ���ˡ������˵������سɴ�����
�м�                     ,0    ,2018-11-27 22:25:27,��С�������������� ���ֻ��� ��������
����                    ,2    ,2018-11-22 08:01:40,̫�������ȥӪ��Ϸ���ͻ����״�ṹ�ͼ������������ֻ��������ϫ�������ٷ˵�Ϸ�����Զ��һ�ǡ�
Ī��                     ,4    ,2018-12-02 10:01:36,�õ�Ҫ��
������                  ,0    ,2018-12-08 15:05:26,һȺ�������˴���һ����ʵ��Ȼ��һ�����������硣
����������              ,4    ,2018-11-20 10:43:58,�۽�С����ĳ����������е������ͷ�أ��е������ȶ��İ���������е����и��������������о�ͦ�񡶷���ʯͷ���������������ջ��һ�㡣�ź����ڵ��ݻ���̫�ʴ��ˣ���ֲ��Ǳ��磬ʹ��������������һ�������˺ܶࡣ��ʵ�Ⱦ���Ҫ��ɫ��Ĭ���п�ٱ���
����������              ,0    ,2018-11-20 21:27:27,�������ǵ��ڴ������˸����ǵĿ�ͷ��������Ա��ݼ�����籾�ջ������ǵļ�Ƭ���ر���һ���˱���������֤���Լ�ֻҪ�ӵ��þ籾���ǿ��Է��Ӳ���ġ�
��������                ,0    ,2018-11-21 15:16:35,�ܺÿ�����Ȼ�����������Ĺ��¡�ǰ��̱Ⱥ��̺ã������е��ҡ����黹���е�����Ӳק�ĸо���Ҳ����ôϲ�������������ɫ�����衣��ϲ��������Ա�Ͳ�����ȫԱ�ݼ����ߣ���������ʮ�ֺ����ˡ�
Love Scarlett           ,1    ,2018-12-04 06:08:29,���Ǿ����ܼ��־�֢���ڣ����Ĺ�񫣬�����������������ֵ���Ʒ��Ψһ�����˱����;ſ׵ķ��Բ����أ�����ʲô���������ˡ�
��������                ,0    ,2018-12-13 01:07:40,�����ֱ�ˣ�ˡ�
indicent time           ,2    ,2018-12-02 15:13:17,��Ԥ�ڲ�࣬����Ƭ���ŵ���ƬҲ�У�����������������·�˹��ڣ�����Ϸ�ĵ�Ҳ�����ԣ�����ȱ�����һ�����䣺���ڿ��Ŀ��ģ�Ӱ�Կ��ľ��ģ����д��ʹ�ģ�����ʦ�������ġ����������������ܺù������������԰ɣ�
������                  ,0    ,2018-12-03 20:58:18,����ϫ�ͣ���ë������������Ա�Ķ�Ϸ�������˺�Ц�ָж����õ���Ա���ǲ���Ҫ��Ϸ����ʼЦ�Ž�ȥ�����ת�ĺ�ɫ��ָ����˾��ø���дʵ�Ժ���ʵ�ԡ�
Enjolras                ,2    ,2018-11-18 09:51:39,�����ġ��ĵ�ϲ�硱��С�ɱ���������һֱ������Щ��������������ã����ӡ�������־����һ�����ӡ��ĳ½��󣬡�¿��ˮ��������ϫ����������ԡ��˱�����������Щ�ˡ�������֮������������Ա��ȫ��ը�ѵı��ݣ�����־���ݶԶ��߹���֮������к��νӣ����������һ���߳�Ϸ�ݵ��������ȣ������ⲿ��Ʒ���˳��޵ĵط���������Щ���󣬡�����֮��������һ�������ػ��о�֮��С����ı����ϣ���ĺ���Ʒ��
ZeonGin Sou             ,0    ,2018-12-05 12:32:48,�����Ա�������������β�ߡ�ϲ�磬��Χ�ܻ��֡��ȣ�����񣬱ȡ�����ʯͷ����������������Ҫ��������������ϫһ����Ϸ��������
�ҷɾ�                    ,0    ,2018-12-02 17:04:26,�����㲻�Ͻṹ���ɵĶ������£���Ϊ�ɺ���Ҫ�ǽ迿�����ϵ����Ӳ����ȥ�ģ��м�������ײҲû�Գ����ټ�����������̨������д�ò������Խ�ʵͨ͸��������Ҫ��ԱҲ�൱�ӵ�������Ů�����ҵ����������ݣ�����־����Ա�Ķ�λ��Ҫ�����൱��ȷ�ġ�
kakakarl                ,3    ,2018-11-16 14:30:11,ÿһ��С�������������Ե����������߱�֯��һ�����ߣ���Ա���ܲ�����Ц��Ҳ����㡣
����                    ,0    ,2018-12-04 23:19:51,������֮ǰ�ڴ����ߵ�Ե�ʣ������о���ǿ���⡣ͬ����ĵ�С�ɱ�ӰƬ�����˾��û��ǡ������������͡�δ��֮·��Ϸ���Ը���ɫһЩ��
mamieliu                ,0    ,2018-11-18 14:24:10,��ȹ�����Ƭ������Ц�д���ĺ�ɫ��Ĭ������Ա�ǵı��ֶ�Ҫ��������. ��������۵� ��������ܿ� �����������ƬҲ�п�ͷ
���ӻ����                ,2    ,2018-11-20 21:18:37,̱�������ߴ�Ϸ����Ա��̫������û�������Ƭ������ô�õ�Ϸ�����Ҵ�Ц�����絽�����Ų��ҿޡ��������ڱ�Ĳ��ָо��Ͳ���ͬһ��Ƭ������߳��ͽ�β��ɶ�����������ˣ���̱���ҾͿ���ԭ�������ˡ��������ҿ�̱����Ƭ����̣��������ͷҲͦ�õģ��������뵽�Ʋ���ϣ���������䡣�����ˣ�̱��������Ψһ���ź����Ƕ�����ĸ裬�豾��ͦ�õģ�ֻ�Ǿ�����������ÿ��ֳ��õı������и����ϲ��Ч�����ã��������patronize�Ͷ������ˡ���
��ָ                     ,0    ,2018-11-18 11:03:39,�ǳ��á������Ѵ�½��Ӱ��
jj73ǳ֮                  ,3    ,2018-11-19 19:19:33,��β覴ã���������½���Ϊɶ�ǵð���һǹ��8.4�е���ߣ���ȫû��������ϧ
����һЦ                  ,3    ,2018-11-17 03:42:18,�����������֣��ڴ�����Ϊ�㡣P.S.̹�׽����������������־�������֣��Ҷ����Ƭ�ӱ�����̬�ȣ���Ϊ����ʹ��ʮ���꡷�������Ӱ�����ջ�֮ǰ��̬�ȣ����˲������Ǵ���ģ�������ֻƾһ����Ʒ�ͱ��˶�����ϣ���ⲻ��һ�����⣬ϣ����־���Ժ�ı����Ʒ��ά��һ��ˮ׼��
��ɣ�õı�����             ,0    ,2018-11-26 00:17:03,��Ƭ����
���~                    ,1    ,2018-11-18 17:49:21,����רҵӰ��Ȧ���ˣ�������ֻ֪����������ں��������̨������ǡ���ô������ֺ���Ҫ���е�����Ӣ�ۣ����ǰ�ɣ���β��Щ�Ҵ���~
Leon                    ,0    ,2018-11-20 19:07:40,����һ�����ڡ������ı����ˡ��ĵ�Ӱ�����ǵı�������������������������������Э�����������ż���ͷ�����񹤵�ɽ���������ͨ������һҹ����̤�ϳɹ�֮·�����������ϸ�λ��̱�Ķ���Ů���⹶�����һ�˰��ˣ���·����֮�������˽�֯��һ����д��һ���������д�Ц�Ļĵ�ϲ�硣����������ۣ���Ա����ݼ����ӵ�����̨���ù���ɽ�ǻ�˵�����Դ�ϲ�У��������ֵ�˺�Ƶĳ�������ʮ�㡣���Ǽ̡�ҩ��֮����һ��������ǰһ���ĵ�Ӱ����ʵ�ľ籾����ҵ����Ա��רҵ�ĵ��ݡ�ϣ��������ʵ����ĵĵ�Ӱ���Գ�����ӫ���ϣ������ǿ�����������֮���ĸ߹�ʱ�̡�
΢�����ù���              ,0    ,2018-12-02 18:11:05,���е�ߣ������ݼ���ֵ�ø��ǣ������趨Ҳ���������ߴ������΢���˵㣬��������Ķ�ͦ�����ģ������ѵá����Ե�Ц�����www�����һ�𿴵ģ���������
21إһ                    ,2    ,2018-11-14 16:02:51,���飬̨�ʸ�Ц�����ᣬ�Ȳ�&�������֣�Ц���˲������������/�µĶ���Ϸ̫���ɣ�һ�����޿�����һ��ǰ;����������ǿ�������ʻ������˶���ʵ���������ı�Ե�������˾�Ӣ�ӽ��µײ�������/��ù��һ�죺��ͨ�������򷿽��/������ǿ��ʷ��������ٷ������ܳ����ش�����ײ��һ���ˣ���λ��̱һ�������Ĳм��ã�Э�����ǳɱ����磬����Ů�������Ʋ�����С����·��ծ�ķ��ز��̣��򳵻�/���/������������ǵ��������ͥ�����ĵ������ᱳ����չ�ֵĵ������룬֧�������������ů���ĵ�ϲ��ı���֮�¾��Ա�����ɫ���ײ����໥ȡů�����Ɐ������/��������/����ʧ��/��䣨�ھ�̫ǳ����ʱ������߸ǹ����������ִ�����Ե�ѹ��/����/��ͻ�����˽Կ��ܳ�Ϊ����ײ������֮������Ϊ����������ǰ����ƶȣ�����ģʽ�����������ı�������
Miffygaga               ,5    ,2018-11-19 23:27:56,�ݼ������ߣ���������̫ǣǿ�ˣ������Ǹ�������Ⱥ�����˺�����Ǹ�ʲô���������������Ⱥ��ţ�ƺ���Ӣ������������Ǹ����õĽ���ี��ݣ��������ǳ��εĹ����Ǿ�Ȼ���ڸ�����Ⱥ���Ƕζ��������ƣ�Ȼ���Ŵ�Ц�����ᴩʼ�գ����Ǻܶ����۽磿����ϫ��������ϲ���ġ��������֪���Ǹ���÷���ͬһ�����ݣ���һ�����ῴ��........
��ɼ                     ,1    ,2018-11-23 00:17:43,����ʯͷ+¿��ˮ����һĻ������Ļ���ȵڶ�Ļ�á�����ϫ���ݻ�������̫ɿ���ˣ�ɿ�鵽���顣��������Ӱ����Ȼȱ�����ԡ��������ڳ�ͷ�ˡ�
�װ��������              ,0    ,2018-11-22 23:22:01,����ħ���������֧�ߣ��Թ���Ϊ���ģ������ǲ�İ�������壬�����Ȱ�Ѱ�Σ����·��Ұ�͡������������ҹ�������ϱ��Ĵ���ǹ�����ҡ�Ѱǹ����ǭ�ϡ�����֮����������Ծ�������һ����ͻȻ���������ڴ�ѧ���ᶬҹ����������һ���ţ����쬡�������ʱһ���벻���������Լ�����İ���Ķ��и�İ����һ�������Ϥ��İ���Ĺ��¡����������Ʋ����������ƶ�������ϵ�У������ʯͷ�����ϣ���������������ϣ����ƽ�ٰ������������������������������滹���˸�����Ȼ�������б�Ҫ������һ��û�����ϵ�����ͼ�һ����ϵĹ��¡��м���Ƭ�Σ�����͵���г����ˡ�������̫��ţ�С������𡶽�ɫ���硷��ǭ�������ж��صķ����������ȴ���ͷ~����������Ƭ��ġ��󴨡���������ʮ���뿴�������ߵĹ����ˣ��Ǳ��ж������ٲ������и���������ˮ��
�� | BOY A�7�2          ,2    ,2018-11-23 00:20:46,��Ҳ�籾����Ҳ�籾�������ϵ�ڶг��Ĭ�Ķ���ϲ�磬���ӻ���С������İ������ϲ���м䲿�ֵ��ݶ����Դ��������˵���ݣ����ݿ̻�Ҳ�ȽϾ��ʡ��������߻㼯��ʱ���е����һ����ǰ��Ӫ��������ϵ�͹�Ӱ��Χ�ж�ɢ���ˣ��ܿ�ϧ�����ǱȽ������ˣ����ϲ�����ѡ�ģ�������Ĵ�������ĺ�Ū�����Ĵ��ˣ���Ȼ����ϫ���Ǽ��䡰RNM������Ƚϵ�λ���Ĵ��˱Ƽ��˶�����9�8
��������                ,1    ,2018-11-19 17:01:24,��������度�������������������죬һ����ְ����Ȼ���͡���ã�֮������������һ����Ա��˳�㣬�������ǡ��۾����ɣ���ȫ�޷���������Ǹ�СƦ����ϵ��������
һ87��                   ,2    ,2018-11-24 00:02:56,��ǿ�Ķ������½ṹ��û�а��������½����ĸ��ã�ͨ�����ص�Ƭ�����������ﶯ�����ַ�����׾�ӣ�����Ҳ��û�а�����̻��ı��������Ȼ����ϵ�Ϸ���ڽ�ɫ���������й֮��Ҳֻ��ͣ����������й������û�н�ɫ�ھ�������֮����γɵ����ﻡ�⡣#�����Ѿ������ڸǾ���Ӳ�˵����߲�����
Ů���Ķ�                  ,2    ,2018-11-17 20:54:52,ͦ�ÿ��ģ���Ц��Ҳ���ˣ�����ϫ�ͻ�ë����ݼ���������ĸ�Ҳ��������
Well.                   ,5    ,2018-11-14 23:00:19,�ܰ���Ⱥ�񣬺ܰ��������ࡣ
����                    ,2    ,2018-11-17 14:20:22,���ᰡ
Lunar Chang             ,3    ,2018-11-20 22:43:13,���Ա����Ǹ��ӵģ�����ɱ��ǿ���������ıȳ��˶���������������Ů����ǰ���Ծ�����������һ����������ĸ���Ҳ�����Ǹ���ְ����ĺþ��죬���ƽ���˾�������ų��ȴ���˺����硢����������ɢ�ĵ�����ԭ������Ϊ�˰��˻����������̫����������棬������ȫ���������أ���ѽ������ϲ���ǰ������˸�ɳ��һ�����������������Ӱ���������������������������Ц�ύ֯������������Ļ����Ӱ��û��֮һ��
�ε��Ѳ�������            ,0    ,2018-12-11 21:00:33,�°���������ĺ�ɫ��Ĭ��Ӱ����Ȼ��Ƭ�������л�û�г�Խ������������������ʯͷ������������������������������Ժ���Ͽ���Ϊ������ľ��ʹ�Ƭ
SELVEN                  ,3    ,2018-11-18 11:06:47,62/100 ��Ϊ�ﷸ�������������Ǹ���ϲ�������ѵ���ͬȨ���Ľ����б��������ٲ���������̬�ȡ�
����                    ,0    ,2018-11-26 23:50:42,�����飬�õ���ը��
OhBoyDaily              ,7    ,2018-11-23 21:33:28,�����Ǿ伯��������������̬�����졢������һ��ĵص��໰������ء����Ҿ;�������һ���ǳ������ĵ�Ӱ����
֩������                 ,1    ,2018-11-28 12:57:38,��˵ֻ����벿��Ƭ��������̫ϲ������ϫ�ˣ�����ʲô�Ҷ���ޡ��½�����������½����ھ����İ�Χ�����ھȻ�����������������������Ū�ң���Ū���ӣ��찡��ȫ����Ū���ӣ���
������                  ,3    ,2018-11-16 15:53:25,�й��оص�һ��С�ɱ���Ӱ���롶������Ծ����С����ĸо��������Զ��
###��                   ,0    ,2018-12-05 21:39:18,Ц��Ц�žͻ��Ĭ�ˣ���β����ǹ�ɺã�
�䳱|Enigma               ,0    ,2018-11-18 12:16:15,����Ԥ��̫����
Black Tulip             ,0    ,2018-11-23 21:39:49,����Բ�Ľ�֡����������˱����˽���ѹ�ȸ�~��
�ò�                     ,4    ,2018-11-24 16:52:55,ֵ�ù���������û�������кá���Ա����Ȼ�����˲�����ݳ������������ֿ���С����ָо��ڸ߳�Ϸʱ�ﵽ���۷壬����������֮��ĸ����������õ���٣��ٽٷ˶Բз�Ů�˵İ��飬С���͵ز��ϰ�İ��飬��ĦŮ�ʹ�ͷ�İ��飬��Щ�����й����������ɣ�
����                    ,0    ,2018-12-04 00:08:06,�����ΰ������Ҳ�ܼ򵥣�����Ҳ�ܱ�΢
��ɫѩ                    ,2    ,2018-11-22 10:42:04,���ǰ롣����������������ʯͷ���͡����˴���ǹ���Ķ��߻ĵ�ϲ��ζ��������֮��Ķ���Ϸ�ͻ������и߹�֮�����������岻���µ��ݵ�ȱ�㣬������Ϸ�绯���������ͣ������ڸ߳�Ϸ����ĸ�Ƥ�ʲݣ���Ա��Ϸ�ɷֺܴ�
��Ŀ                     ,1    ,2018-11-18 14:16:00,���������ٷˡ������̡�Э�����м��ˡ����׼�ͥ����Щ��ɫ�����Ǵ�����˶���ú�Զ���������ɱ�������ͨ��˵���������ᣬΨһ��ȱ�������Ӱ������������ʮ��ǰ�ľ�ͷ���ԡ�
Jchx                    ,2    ,2018-11-18 06:31:26,������ʼ��ʱ����˸�Ц����������û��ɿ�飬Ϊʲô��Ӱ������ʱ���ҿ���
Menmin�I                ,3    ,2018-11-22 23:20:14,���ʵĿ������ǡ�����ϲ��Ч����̫ϲ�������ϧǰ����δ�ܸ�����İѳ�ס�������µĸܸˣ��ǵ�û���侲������������ʼй����ƫ��������̨����һ����̨�о�ǿ�ġ��ŷ����ҡ�����������ս����ľ���Ϸ���Զϲ㡣��������������ڵ����Ƕθ��˽�ϲ������֮����������̫�̶���
����ʰ��                 ,2    ,2018-12-04 17:59:30,8.2�� ˮ������
��ҹ�İ�˹����             ,2    ,2018-11-17 20:09:40,�������Ͻ��������Ķ����Ƚ϶࣬Ʊ�����������ˣ�����ҩ�񣬹�������Ƭģʽ���Ƶĺܳ����ˡ���̨Ϸ�������������ǳ������㵱����Ǽ���һ�����ߣ����Լ������˰ɣ���
�����                   ,7    ,2018-11-14 22:25:10,Ц���������ĵ�ʮ������������ͬʱ���ܿ��ޣ����ܵ�������Աһ���Ĺ������������������߽������еļ���Ҳ����Ӱ����������ʮ��Ľ��ŸС������ġ��⡷��Ϊ����������Ƭ�У�̫���ˣ��ܴ��������ġ�����֮������ΪӰƬ�ٽ���β�Ĳ������Եò������ˣ��е���Ϸ����һ����ȫֵ���߽�ӰԺ�ۿ��ĵ�Ӱ�����Ϻ���ǰ��Ӱ����ר����
��ǧ��                   ,0    ,2018-11-29 16:01:20,�������£�����ԡ��ſ׵��߻������˵㡣��ϲ������ԡ��ſס��½����˱���������֮����Ȼ��ָ�½��󡢵�Ҳ�����������������С�䣬������˵����һ��Ⱥ����������˶��������ĸ��壬���޵ĵ�׺�ź�嫵Ĳ�ã��û�С�����ʯͷ���ǰ�������Ҳ�ޡ����Թ�����ܵļ�ʵ������ϫ��һ����ô�е�ϲ���أ�����һ����Ϣ�����Ż��и��õ����﷢չ��
�����Ǵ�����             ,1    ,2018-12-09 15:15:07,��β�����ھȻ����ڵ�һ��Ϸ�����ǵ��ݱ಻��ȥ�ĺ��Ҷ�Ϊ����������������Ҳ����ûʲôʵ������ļ��ߣ�����Ӱ�þͺ����Ƿ�������ʵ������ʱ���ı��������Σ���Ҷ��Ǿ²ˣ����žͺ����ˣ����뱻���ֻ���ڱ�����������������ϫ��������ݼ�Զû�д�����ô����ʵ������������һ����ɫ���͵���������һ��������������רҵ��Ա��˵�治��ʲô������Ҳ�Ǳ����������������̫�ã���΢�߼�����ݼ����úܶ����Ƭ���ھ�������˼���ˡ����½������һ������������������ź����Ƕ���ǹ���ļ�˿��Ц��������ޣ�������Լ�����һ����һ��Ƭ������ô�����ظ��ܵ�����Ңʮ������Ϊ��ҥ�۱�ʾ��������ôһ�����ж��ء�
anna                    ,1    ,2018-11-21 02:24:44,�������һ�ξ�һ��������̫�����ˣ���������ϫ���ݼ������ϲ��������ʦ����̫���Ļ��ˣ���Ȼ�������ɫ�Ѿ����Լ�Ŭ����ʧ��������������Ͽ��ˣ����ܾ��û���һ�������û��Ը����������������ɡ�
ɳ��                     ,0    ,2018-11-22 20:42:08,ͬѧ���ϵ�ʱ����񺣵���̨���������Ŵ�ͷ�ܺ����ҵ��������β���ã�ϲ�簡���˵�õ�ϲ���أ���ɫϲ��Ҳ��ϲ�簡��
KinG��                  ,0    ,2018-12-09 19:10:33,û�÷��Ժ�����ϫ�����ɫ����Ա������Ǹ�����Ӵ��������һ�����ߣ����ȫ�߱��̣�ʮ��׳�ۣ�
AME.                    ,2    ,2018-11-21 03:25:11,�Ҹ��㽲��Ц������ɱ�ް���
City                    ,1    ,2018-11-27 13:28:22,�����һ������Ĺ��� �о��������ֱ��������ᡣ
�����                   ,0    ,2018-12-09 12:01:59,ȫ��ֻ�в��������ܶ���Ҳ����������ϫ����ѱ��ݡ������������ŵĺ������䣬�ͳ½�������Ƕ�����̫Ư����Ϊ�˿��⡢���ֽ�ɫһ��Ҫǿ�����浫�ֿ̻����㵹�������ź������ҽ��̫HE����������̫ͯ����ȡ����Ϊ�ڴ������ǹ���ǭ�ϡ��Ϳ��ﲼ³˹һ���������Ҳ�����Խ��Խħ���ˡ�
van                     ,0    ,2018-12-08 12:21:09,����������һ��д���������ӵ���
su27������û��           ,2    ,2018-11-25 23:29:39,һֱ�ڷֱ�˭��ԭ���Ĵ���˭����ѧ�ģ�����Һܳ�Ϸ����
poo                     ,1    ,2018-12-01 09:08:59,���˺ܴ������ȥ������������������ʵ��û����������ô���������Ϊ�����ۺϾ磬Ҳ����ˮ׼֮���ˣ���Ȼ������Ŀ�����ȺϷ��ݼ�����֪���Ǳ��������򴿴�����������������沨�г½���м�Ů���ɵ�һ���߻��Ǻ��������׵ģ����Ǹ��������������е�ͻأ��һֱ׷�������˴��úܸߵ������ֻ��Ϊ������ϡ���أ�����̫���Ҷ��㲻��������ĸ����һ֧ǹ�������ߵ���ϵҲǣǿ��������ּ�������ͦ�����ģ����䱿����̫ů�ģ���Ҳ��ȷϣ��ͣ�ڵ���ʮ�����������Ŵ�ͷ���ǡ�С�����氮�����Ӹ�Ů�ͽ⡣�м�ŮҲ���˰���ϣ����ֻ�Ǻ����̻��Ľ��һ��ǹ���������꣬ͬʱҲ������ȫƬ��ཨ����ů�ġ��;����ͷ��β������һ�㣬��˵��̫�࣬����һ���ҡ�������Щ��Ҳ��Ӱ�����Ƭ�ӵĿɿ��ԡ����ȫ���Ϸ��Ի��в�����ͦǻ���ġ�����
����                    ,2    ,2018-11-18 14:36:28,������ǺͲ�ͷ����������Ƽ������п��ܻ�����һ�������ֶ����ǼǴ�ĺ�Ƭ�������涯�Ҳ��Ὣ������ħ������Ļ��벿�ֳ��ֶ����������У��⡶����֮�������Ի������̾�����˵��컯����ͨ�˵�������Ц�д��ᡣ���еĺõ�Ӱ�������Ƽ���
����ҧ�����              ,1    ,2018-11-19 17:15:13,�ڽ�����������Ѿ����������κξ�ϲ�ˡ�ӰƬ��ϲ�米��͹�����ײ���������Σ��������е�������ò���ǿ�ң����������ٷ˱���Ķ�����ȫ��һ��ϲ�־磬ȱ���㹻˵����������������ģ�û��ʹ���ڸ�ͬ���ܡ��м���Ϸ�ν�����Ӳɬ�����Ĵ��Ҷ�ȷʵ�ҵÿ��ԡ�
cincky                  ,0    ,2018-12-01 01:48:54,������־����е��ϧ��ȫ�����Ժ��ݼ���������MV�̳´�����Ȼ�ǻ��絼�ݵľ��ޣ����ಿ�ֶ����鵹�Ƕ��ÿ��ԣ�����ϫ��ֱ��Ů����һë�������ë�����ֹ��硪������һȺС��������ǵĹ��¼��ȱ�Ե�������۵������»��Ƕ�������ȥװ�κι��¶�������ʧ�أ����п�������������
Evan                    ,0    ,2018-12-17 16:37:21,���������治֪���Լ��Ѿ����۵ó��Ľ��ۺ�֮ǰװǻ������Ҫ��������һ���»���������鵱���װɵ������һ���־�֮��û����Ҳû��Ӯ��û����Ҳû�û���ɢ�ˣ��ؼң���飬���ޣ���ϧ��״����������
����                    ,3    ,2018-11-21 02:09:38,����Ĳ��ڽ� ����Ĳ��ڽ� ����Ĳ��ڽ� ����Ĳ��ڽ� ����ͤ�ӱ�
Johny                   ,2    ,2018-11-20 23:48:32,�����ɿ����һЩ������ͦ�ÿ���
����˼�۴�                ,1    ,2018-12-02 21:53:48,�˵�����״�ճ��񲣬��֪��������ӿ����������֮���Ÿ������ಫ����עһ�����̻���Ϊҫ�ۡ�
����                    ,2    ,2018-11-18 21:01:42,�������ڻĵ�ϲ������ױ���֮�䣬��β�Ȼ�������Ŷβ�֪���ǲ���Ϊ�����ĵģ���Ϊ����е�ͻأ���ظ������������Ǳ���Ľ�ֺ�Ƭβ��Ļ��΢ů�ָ�������Ƭ��һ������ķ�Χ��������ɬ����ϣ�������Ǻͱ���־��Ӱ�������𡣲�����ĵط���������������е�������ʶ��ȱʧ�˶����ԣ������ݼ�Ҳ���������ƣ�͡�
�ﵥ����Ů����             ,0    ,2018-11-24 23:24:47,����Ц���޳ɹ���
����                    ,0    ,2018-11-22 23:20:23,ǰ���Ǻÿ��ģ�������ˡ�
�ͷ͵����                 ,4    ,2018-11-19 13:40:50,����������ֶ��Ӷ��Ѫ�ˣ��㲻��ҽ����ֹѪ���ÿα����������������ˡ������������Ӹ������ˣ������Ӹ������ˣ�һ��ѧ���������ˡ������У�����ϫ�ݵ���ô���Ҷ��������ˣ������ǵ��ݵĹ���
�����                   ,0    ,2018-11-27 12:00:44,����̫�����˹���
Բ�׵�����                ,3    ,2018-11-21 00:17:22,ȱ�����ɺ�̫�࣬���ŵ�ʵ������һ��ѣ��������¸��ӵ�������������λ��ĺã�΢������һ�������˸�������ˮƽ�ܸߣ������д����Զ������ң�û��ǿŤ���Ը�ת�ۺ���Ϊת�䣬ÿ���˵������к�ǿ�᳹�����������п��ţ���ϲ�������Ϸ�ǳ�������ʹ��������ۣ���������ζ��������õ�����˵�����Ļ���������ϸ˼�ּ��ķ�ʽ����ʵ���������籩������Ϊ���������ﱩ����������������Ͻ���ᣬ�Թ��Խ�ʱ��������̣�������ʹ��
��һ                     ,1    ,2018-11-23 23:27:48,ë�����٣���Ӱ��������˵ͦ��ģ�̨�ʱȾ�ͷ�߳�n����λ�����м����ر��εĹ�����ʽ������������ϲ�֪��ԭ�������Ļ������������������ˡ���覲���褣�����һ����Ӱ����������ǰ��Ц���ſ���Ҳ����ʦү�ͷ��ԣ���Ȼ�����벻��һ�����Ա������ϫ������Ķ���Ϸ�����˼�Ƥ�����ͣ�����������ŶԻ��Ƕμ�ֱ����֮�ʣ���ͷ������һ�䡰���Ѿ�ԭ�����ˡ�˲���õ�ӰԺ�������ɺӡ�������Ĳ�ȱ���ݵ���Ա�Ͷ����͵Ĺ��ڣ�ϣ���ʱ���һ��ǿ�飬��һ�����ذɡ�
��������110             ,1    ,2018-11-16 21:02:12,ǿ���Ƽ����籾�ܰ����½�������ϫ���������ԡ�����Щ�˵ĸ�Ⱦ��̫ǿ�ˣ������ֿ���Ц�ָ��ܵ��ǹ��ӽӵ�������ů�����ܿɹ�Ϸ�Ｘ������Ů��ɫ���ʻ��Ư����
����֮��                 ,3    ,2018-11-20 22:56:13,�籾������Ӳ��֮�ӣ������������ֻ�������ǰһ���Ķ̾磬����ɵ�Ӱ覴ö���ȥ�ˡ���������пɣ����֧�ߴ������о�������Ϊƽ����ţ��߳�ȺϷ��ͻ����ǿ�������л���Ϊ��Ӳ���뷢����ӹ�������������졣���������ϫ���������ۣ�Ҳ�ѳ�ֽ�ɫ���ڵĶ��ѡ���е�У������¶�����˳���������ܴ߽͹���������ʵ��������������ͼ�أ�
Ʀ���Ͼ�                  ,3    ,2018-11-18 18:15:48,û��֮ǰ������Ȧ�������ˣ����Žϸߵ��ڴ�ȥ��������ʧ���ˡ����򵥵Ĺ��¿��Խ����ӣ�����ҪΪ�˸��Ӷ����Ӱ�����û��Ҫ�����Զ࣬�������ת��Ҳ�Ե���Щ��Ӳ�����ǿ�����ֽ�ָ��ǰܱʣ������ǻ������ǿ����ݼ��������ߵķ��ϣ���Ȼ����Ҳ�����ݹ��˵㣩��
�E�E��                  ,3    ,2018-12-01 13:59:38,���ȷʵ�е���ˡ�����˵�������ڵ���Ƭ��̫�١�
Niqa                    ,0    ,2018-12-19 21:40:42,���ǰ롣�о����������ϵò��Ǻܺã����ز��ϰ�����Ҳƫ�����ˡ�������Ҫ��Ա���Ƿǳ�����ġ���������Ķ���̫�����ˣ��Һý�β�Ǹ���ϣ���ġ�
yunduan                 ,0    ,2018-11-19 21:18:50,�Ƽ����������⣬Ц�д��ᣬ����������ζ�ӳ£��е��ɫ��Ĭ��ϸ��ȴ����ô��ʵ����˵��ǰ������ٴλ������Ż�һ�β��������Ը����һ�а��á���
MantouLau               ,0    ,2018-11-23 13:06:16,7.2
������                  ,3    ,2018-12-03 19:02:17,Ҳ����˵���ã����õú����ޣ���Ƭ�ĵ�ʱ�򶥵����ڶ�Ҳ���Ǳ�ʱ��ѡ���ˣ�ͬʱҲ��ȷ��ʵ��Ӧ���й������ڵ�����ˮƽ������������Ȼ���ܴ���Ա��������Ա���ܷ�����д������Ȼ���ˣ��������˳���������ˣ���ҥ�ɣ���Զ����
Mr. Brightside          ,3    ,2018-11-28 01:24:02,6.5�֣��ڴ�����̫���ˣ�һ�������ڹ���׷���˵ĵ�Ӱ��������Ұ�ģ�ǰ�ڶ���������£�����߳���������һ�𱬷��ͺܿ������������ˣ���Ӱ����û����ã��ദϸ�ڴ���Ҳ����Ӳ�ͱ�Ť���������������Ϊ�ɱ�����ϸ�ְ���ͷ�ؽ���ͷ����أ�һ�����͵������Ǻ���߳����ֳ½��� ����ϫ��ëϷ�ݷ������������˺ݻ������������ĸ�һ�к�������С����Ϊ�½���ȥ�ģ������ۣ��ҽ��ϸ񣬲�ϲ���š�ps ��Ӱ����·�ϸ�Ů�ѳ����ˣ����¼���һ��
�ּ���                   ,3    ,2018-11-24 21:40:30,�����Կֻ࣬�ǻ��ž��Ѿ�Ҫ�߾�ȫ����˭����Ҫ���ŵ���̬������ʵ�Ǵ󲿷������Ǳ��Ź��ҡ���Զ��Ҫ���������Ϊ���������׽��˻�������Զ��Ҫ�����Լ�����Ϊ���ѱ���������
��������                ,0    ,2018-11-17 21:52:28,����֮�������������� ˭���Ĺ���˭������Ҫ ����ҲҪ�¸һ��� ��ϲ֮�� ����֮ѡ
Ů������                 ,0    ,2018-11-23 23:01:43,�������㲻����Ц�����еײ����ǵĸж����������º��񡶷���ʯͷ�����������߻���һ��������¥���Ĳ�������Ч̫�٣������̨��
������ҹ����ǰ            ,0    ,2018-11-27 19:22:34,������ٷֵ�ʮ��飬�����װ�ޣ�������飬ʣ�µ�һ��ȫ������������ǡ�˭������ϲ���԰������ء��ֵ�˵���У�Ҫ����������װ������ɸ�������룬������������������ˡ� �ֵ�Сʱ���һ�����ߣ��ҿ��Խ���������һ���۾��ߣ��ֵܳ�����˵Ҫ��һƱ����������һƱ��ֻ�������ΰ��蹤���������ֵ�Ҳ����˵ʲô���Ұ��㣬���ں�����ǰ��˭��ֻ�������Ժ��Ƿ���֡� ��֪����������������⣬Ҳ֪������Ҫ���Ҹ����ˣ����ԣ�������˵ʲô�Ҷ����ţ���������Ҫʲô����һ����ƴ��ȫ��ȥ���� ������ס�����ܵ�ʱ��ͻȻ�����ľ�ϲ��������һƬ�հף�������ôһֱ����ȥ����Զ��Ҫͣ��
Annie                   ,0    ,2018-11-20 16:17:04,������ǹ���������8.4��������ͷ�ˣ�����һ�°�
Carf                    ,1    ,2018-12-07 01:10:31,����Ѻ��ӵ�ϸ֦ĩ����������������伸λ���ݵľ��飬�޸����Ľ������ȣ�Ӧ�û���õġ�
����1977                ,3    ,2018-11-22 21:11:04,������ʮ��ǰ����һ��90�������ĵ�Ӱ��ͦ���ŵģ��;�������˵������ô�³����͵Ľٷˣ���֪���ֻ���İ��ŵ��ֻ���ģ�͡����������컨���ϴ����أ���һǹ����������©����
�c�K                    ,0    ,2018-12-18 09:58:44,Ңʮ���ĸ�ӷ��ˣ�ǰ�治���߿�ʼ����˵�䲻�����ģ���Ƭ��ǰ����������ǲ����е���
Frank Chan              ,1    ,2018-11-18 22:54:43,��������˸ж����в����Ŷ�̫ǿɿ����ӰһЩ�����ϸ�ں��ĵĺܺã��õ�Ӱ����
���ߤ���Ը��              ,1    ,2018-11-27 23:00:05,��� ��Ա��Ψһ���� ���š��й�����Ա�Ĵ���������ڵ��ˡ�ȥ���� ��Ϊ��������ͬ�г���+�� Ȼ������ֻ������ϫ���ƵñȽϺ� ������ԱҪ�����˼�Ѫһ��Ҫ�����״�ͷ��β�ͼ������� С��ǻ���ûʲô�������� ����֮��Ķ�������Ҳ�ǲ��������������̫Զ ����ֻ��һ��ǹ���β��ô����һ�ѣ����������ֹؼ����߶��Բ��ϻ���ʲô���ߣ���������ÿ���߶���Ӳ���ϸ��� ����֮һ����ʼ�� ��β�������� ��Ⱥ�ܵ���Ϊ�ˡ�����ѧ���������õĶ�����ë���ģ��������������˳������⡷+���������ײ����˲���Ϸ PS����ʱ������е�˵����ô��Ů������ô����ת��ȥ���˿����ǳ���� ������ɵ�ƹ��ڻ�����һ����й���Ӱ����ϣ��@339Ӱ��
��������                ,1    ,2018-11-24 19:06:25,������û��ʧ����������Ȼ�ܶ����Σ��������޽⡣
�����е�������           ,0    ,2018-12-03 14:17:40,���� ��ɽ����
��ԭ�ϵ�������            ,0    ,2018-11-27 23:03:14,Ϊʲô��һ��Ϳ���ꣿ
��Ī                     ,0    ,2018-12-09 09:40:47,�Թ��¼�����С�ɱ������⼸�������࣬�г��ع����ԣ��Ϳڱ��ļල�йأ�Ҳ��һЩ֪����Ӱ�˵ķ�ֲ�йأ�ϣ���ٽ�������һ��һ����ӡ��������ǿ��
����                    ,0    ,2018-11-25 22:08:43,����������շ�������λ��̱Ů��ϲ���氮�������������Ǻܿ�ϧ�����顣�ܾ�����Ƭ���������š�ͣ�����Ҳ����˵���徿��������
����ܿ�                  ,1    ,2018-11-21 23:56:39,�籾���д��̫���ˣ��������ȫ����·���������������
�������ʱ                ,0    ,2018-12-01 00:11:35,�ܾ�֮ǰ�͹�ע���ⲿ��Ӱ�������ڴ����վ��ǲ����ڴ�����������Ԥ�ڡ��Һ������һЩרҵӰ������ν��̫��̫�ӵ�˵����������ȷʵ����̫����п��޵���ڷ�չ���������Ҷ��ԣ�����˵�Ǵ������޵�������������Ҫ��һǧ������������һǧ����ķ���أ�Ҫ���ҵ�Ӱ���������˭���Ҿ����޷��ش����Ѿ��޷���Ϸ�ݵĶ��ٿ�������ɫ��Ҫ�̶ȡ������ⲿ��Ӱ���ҿ�����һ��Ⱥ���Ӱ������ν���ǣ���ÿ���˱��󣬶�����һЩ������Ҫ̽���Ĺ��¡�ƽ������ͨ����ȴɢ����������ԭʼ�Ĺ�ԣ����ˣ����ʡ�
Zhang Yixin             ,1    ,2018-11-21 22:05:24,�ܰ��Ĺ���Ƭ����ʵ�����Ρ�������
Vince�7�9               ,0    ,2018-11-20 22:55:13,�����5�ֵĲ���������Ա�ƴҩ������������꾹Ȼ����һ���ж���û��һ���ӷ�Ϸ��
������                  ,0    ,2018-11-17 21:53:46,��Ա��ã����9�9���½���
û�ܴ�����                ,9    ,2018-11-17 13:18:32,ǿ���ںϼ��������ߣ���β��Ѫ�Ĵ򶷳����Ǹ�Сѧ�����ģ���ֱ�Ǳ�������˷��˺���Ա��
�� ը ��                 ,2    ,2018-11-17 00:26:59,ʧ���ߵ�ʧ��֮�顣
SpancerHu               ,0    ,2018-11-26 00:49:15,[����֮��]�͹۸ж�����ֵ�ù����������Ƹ������Ц�д���ת�����д�Ц��˷���������˵����ͷ���Ժ͹�������������������������˵���߱���ʵ�����������������Ϊ��������ħ�ó���ʵ����Ĵ��棬�ñ�����Υ��ȥ������������ǧ�ķ����Ƚڹ��Ķ���հǰ�˺󡣱�Ե�ײ������֮��Ҳ�����а������ϣ���Ϊ֮����Ϊ֮���������ֵĴʶ�̫���ˣ���Ȼ�������λ��������Ĺ��ڣ�������ͷ����Ȧһͨ��������ûһ�����ĥ���Ų��ԡ��������˱����������������λ�����Է�������ϫ���죬������û�С���Ϊ��������û�����ú���ླа�Ц���ˡ���Ҳ�ᷢ��Ϊ�˱�����ɽ����֮Լ��Ϊ�˸����̻��ᣬ���е������н�������һ˲�䶼������������������మ�ˣ�������һ��һ����һ���˶��ղ����⡰���ý�֡����������ģ���˵���Ƭ����Ƭ�أ�����β��Ļ�ֶ����ˣ�
ʨʨmiu                   ,2    ,2018-11-17 16:46:19,��Ȼ�½��������ϫ�ķ��Բ���׼�����������Ҹ�5��
ʳָ                      ,0    ,2018-11-24 16:42:41,#����Ӱ��# ����һ������Ӣ��������ľ�Ӣ�������磬�����Ӣ�����������������������Ҳ�������硣[����֮��]���ں��ߣ���һ��Ϊ�����ϡ�����������ӰƬ���Ӿ��ϺͶ����ϵ����ӣ��Լ�һЩ���ִ��ı������Ե���������Щ�ƺ����˵���һ���������ֽкõĹ���Ƭ�Ļ���Ҫ�ء���λ��Ա�½�������ı��ݿ�Ȧ�ɵ㡣
Q��                     ,0    ,2018-11-26 16:24:40,ϸ�������кܶ�ë��������������Ϊ�Ķ������졢������š������������峬��Ԥ�ڡ������
̫����Э����              ,6    ,2018-11-17 20:19:14,ϲ������µ������Կࡣ�����ɽ�����ǳ�ȺϷ���̫˧�ˣ�
��֮�Ắ                   ,7    ,2018-11-16 00:24:42,�°������Ƭ��ѡ���Ц���Աߵ���ʿƵƵЦ������������ܵ�ʱ����ֻ��ƴ���ȿ��ȡ������ڿ��������굼�ݡ���������Ա���ĸ����滶ϲ���������в����о�ϲ����Ȼ�в����������������ϫ��Щ��������Ա�������й���Ӱ��δ�����������µ�¥�ݣ�ССһ������������۾��й⡣����ϫ������������м����ſ񼸷ַ�񲣬��εı�����һ����Ա��ͻ�ơ�����Ա��ϲ��û�����������ݡ�����Ա�����ǰ�����������ѽ���ҵ��������������������ʲô�Ҷ�ϲ������֧�֣��ȴ���ӰԺ�￴����ϯ�ض�����
baobaodu                ,0    ,2018-11-19 10:06:20,���ݻ��ܴ��У���Ƥˣ��
������񫲡��              ,1    ,2018-11-16 18:08:30,��Ŀ�������Ц��Ц�žͿ��ˡ����ܲ��˻ĵ�ϲ��ֱָ���ĵ�һ�����ο����Ӱ��ֹһ�������������������ÿ������������飬�ý�����˷ֲп����˿����ζ������Ȼ�ҵö�������
�ĵ�������               ,5    ,2018-11-18 21:09:26,��Ӱ��ʵ�Ƭ���Ǻ��������������Ǿ䡰ˣ���ӡ��������������˺�������˰�æ���򲼡�����֮����һ��㱰΢��������������������ǳ��á���ϧ��Ӱβ���Ĳ����е���ˣ����롰��Ѫ��У������ǿ��ɿ�飬��ӳ���Ϸ���Ƕλ������㣬�е�Ҫ��̫�����ɻ��ҵ��ź���
��Ц��ɵ�Ŀ���             ,2    ,2018-11-20 12:38:55,һ���Ѿ�
Reaper                  ,0    ,2018-11-18 21:28:09,��Ȼ�����˴���ǹ�����������׳��ʣ��ӡ�����ʯͷ���������Ӣ�ۡ����ٵ�������֮��������ɹ��������֮��û�г�����äĿ�ż���ƴ�ո����ɺϡ���������ľ��ǡ������ٵݡ�����С����Ĳ�������������һ���޴�ĺ�ɫЦ����
Saudade                 ,3    ,2018-11-22 01:02:32,���粻�ǵ�Ӱ�����������໥û����������߸�����ݿ��š��ݼ�ը�ѡ�
һʵ                      ,0    ,2018-11-22 22:13:27,���Կ�������û��Ԥ�ںã�����˱���������ϫ���ã� ����Ңʮ���Ĺ��ݻ���Ϲ�ӡ�̫�����ˣ�
լʰ��                    ,0    ,2018-11-20 20:24:17,���ڻ�����ǵ������ǳ�Ϸ������˵������������������Ƭ��ȷʵ����������ȺϷ����������ϫ�½����Ҷ������Լ���õ�״̬��Ϸ����βһ����ȺϷ�Ӿ籾��������ȶ��Ե��е��ϧ�ˣ���Ȼ��ǹ����������ô������������Ǳ�Ȼ�ģ������βһ��Ϸֱ����Ƭ�ӷ��ѳ��������£�����ǹ������ϫǿ�в������������������Ҳ��֪������������ǹ���������ġ�
����֮��                 ,0    ,2018-11-18 22:49:36,�����ٱ�΢ ����֮���������Ͼ���������Ϊ�˵Ķ��� һ���Ĳ��� Ϊ���� Ϊ���� Ϊ���� Ϊ��ͥ Ϊ�Լ����������� �����������
�������                 ,0    ,2018-11-25 21:40:17,û�뵽���ҹ����ϼҶ���ȡ���ģ�ĳЩ�ط�����ӡ�󣬳½���Ķ��Ȼ�Ӧ�ò�̫�ԡ������籾������Ȼ������֮�ڵ����Խ��ܣ��ɾ�ͷ����̫��·��ʵ���ź���
��������                ,2    ,2018-11-21 23:06:16,������ֻ��ή�ģ����ǵ�����ˮ��̫�໹�Ǹ����ݵĹ�������˵���塣Ƭ�ӱ����Ǻܲ�ֵ�˷ֵģ����ƶ������£���ʵ����������������µ�ֻ�к��˺ͼ������������Ľ����ɲ�������ǲ�ƴ�ڻ�ġ���β�����ҳ�һ���࣬�Ҳ���ϲ����ֵ�۹���ǵ��ˣ�����һȺ��ѧ����Ѫ���ڽ������������������ġ�������������ʲô��С���ﶼ�ܿ࣬����Ϸ���Եĳ�ͻ��ûʲô����ζ������ÿ���˶���ץ����Ȼ��ÿһ����չ��������ϲ�������Ǹ����������ϫ��һ�Ǹ�������
Lynn                    ,2    ,2018-11-20 19:07:12,һ�߿�һ��Ц����ʲô���ɵ�Ӱ��
˵ʲôͼ��                  ,0    ,2018-12-05 16:56:49,��ʽ��������ʵһ�㣬���ĺõ��Ǹ��飬����Ϫ���������ĸ����涼��һ�㣬�¶��;������Ļ�����ײ�������ȡ��½��������߸����涼�Ƚ�һ�㡣����һ����б��ȽϺõĵ�Ӱ����ȻҲ���Ǻ������⡣����3�ǣ�����Ϊ�Ǻ�ϲ������һ��ȥ���ģ����Լ�һ�ǣ�����
��ɽ��                   ,0    ,2018-11-28 02:57:01,�����Ӱ�ĸ߳�̫���� �����Ҳ���ðɿ��ҵĵ�Ӱ
Chaall                  ,0    ,2018-11-18 23:07:31,�ÿ�
��ǧ��                   ,0    ,2018-12-02 00:12:30,�ţ������ڴ���ֻ���пɡ�ò�ƴ�ҶԹ���Ƭ�ȽϿ��ݡ���
�ǻ�                     ,4    ,2018-11-19 23:05:17,����ĵĻ�����������ֵ�ۿ�£��һ����Ҫ��Э���ǽ�����˽�ɫ���ٵ��������⡣��·�ϰ��С���İ���Ī������ĳе����ξ�Ȼ����һ��ϴ�ף�����ƭ�Լ�ƭ���ڡ�����ҲΪ���ϰֳ�ͷ�����һ��ѧ��������������˵������������������ǰɣ�̫ǳ���ˡ����ÿ�ˡ�˸�磬�����߻����߼�ͨ����Ȼ��ʵ���һ����λ��̱��������ô�ɾ�Ư��������û��ή������������ô����ô���������У��Һ���Ա��ס����Ȼ���ڵ��ǳ�Ϸ���Ի��ˡ�����Ҳ����֪�ܣ�ͷβ����һ���Լ������֣����Ҹо����ã��������Ƭ��Բ��������Ա��
С�ڰ�С��                 ,1    ,2018-11-19 12:36:19,���ǰ��飬ʤ�ư��顣ɥ�ĸոպã��ڵĸոպã�ů�ĸոպá�����˵���й�û�С�����ϵ���ĵ�Ӱ���Ӵ�Ƭ�𣬾����ˡ�����Ƭ������Ц�����ᡣ�̻��ײ��������ʵ������ĵĵ�Ӱ��������������Ƭ���ҽ����������ģ���߳��⡢����������Ҳ��������ˡ���һ�����㽫��ָ��ܵ�ʲô�С��������ݼ������㽫�����½�������ϫ��������Եȡ������ݼ����š�����Ϸ���������Σ��Ӵ�Ƭ�𣬹���Ƭ������ӭ��������Ա+�õ�Ӱ�Ĵ��족��
����                    ,0    ,2018-11-19 13:04:26,3.5 ��������ִ��
